-- phpMyAdmin SQL Dump
-- version 4.1.6
-- http://www.phpmyadmin.net
--
-- Host: 127.0.0.1
-- Erstellungszeit: 17. Mai 2014 um 21:14
-- Server Version: 5.6.16
-- PHP-Version: 5.5.9

SET SQL_MODE = "NO_AUTO_VALUE_ON_ZERO";
SET time_zone = "+00:00";


/*!40101 SET @OLD_CHARACTER_SET_CLIENT=@@CHARACTER_SET_CLIENT */;
/*!40101 SET @OLD_CHARACTER_SET_RESULTS=@@CHARACTER_SET_RESULTS */;
/*!40101 SET @OLD_COLLATION_CONNECTION=@@COLLATION_CONNECTION */;
/*!40101 SET NAMES utf8 */;

--
-- Datenbank: `mmp1_fhoffmann`
--

-- --------------------------------------------------------
USE mmp1_fhoffmann;
--
-- Tabellenstruktur für Tabelle `category`
--

CREATE TABLE IF NOT EXISTS `category` (
  `id` int(11) NOT NULL AUTO_INCREMENT,
  `name` varchar(255) NOT NULL,
  PRIMARY KEY (`id`),
  UNIQUE KEY `name` (`name`)
) ENGINE=InnoDB  DEFAULT CHARSET=utf8 AUTO_INCREMENT=10 ;

--
-- Daten für Tabelle `category`
--

INSERT INTO `category` (`id`, `name`) VALUES
(7, 'Computer'),
(6, 'Handwerk'),
(2, 'Musik'),
(9, 'Nachhilfe'),
(1, 'Sport'),
(5, 'Sprachen'),
(8, 'Technik');

-- --------------------------------------------------------

--
-- Tabellenstruktur für Tabelle `course`
--

CREATE TABLE IF NOT EXISTS `course` (
  `id` int(11) NOT NULL AUTO_INCREMENT,
  `name` varchar(100) NOT NULL,
  `category` int(11) DEFAULT NULL,
  PRIMARY KEY (`id`),
  KEY `category` (`category`)
) ENGINE=InnoDB  DEFAULT CHARSET=utf8 AUTO_INCREMENT=30 ;

--
-- Daten für Tabelle `course`
--

INSERT INTO `course` (`id`, `name`, `category`) VALUES
(1, 'C#', 7),
(2, 'HTML5/CSS3', 7),
(3, 'PHP/MYSQL', 7),
(4, 'Spanisch', 5),
(5, 'Schwedisch', 5),
(6, 'Englisch', 5),
(7, 'Deutsch', 5),
(8, 'Gitarre', 2),
(9, 'Piano', 2),
(10, 'Orgel', 2),
(11, 'Schlagzeug', 2),
(12, 'Violine', 2),
(13, 'Viola', 2),
(14, 'Kontrabass', 2),
(15, 'Blockflöte', 2),
(16, 'Querflöte', 2),
(17, 'Panflöte', 2),
(18, 'Bassgitarre', 2),
(19, 'Schlagwerk', 2),
(20, 'Trommel', NULL),
(21, 'Musiktheorie', 2),
(22, 'Musikgeschichte', 2),
(23, 'Musikkomposition', 2),
(24, 'DJ', 2),
(25, 'Trompete', 2),
(26, 'Tuba', 2),
(27, 'Horn', 2),
(28, 'Posaune', 2),
(29, 'Akkordeon', 2);

-- --------------------------------------------------------

--
-- Tabellenstruktur für Tabelle `offer`
--

CREATE TABLE IF NOT EXISTS `offer` (
  `id` int(11) NOT NULL AUTO_INCREMENT,
  `course` int(11) NOT NULL,
  `teacher` int(11) NOT NULL,
  PRIMARY KEY (`id`),
  KEY `course` (`course`),
  KEY `teacher` (`teacher`)
) ENGINE=InnoDB  DEFAULT CHARSET=utf8 AUTO_INCREMENT=13700 ;

--
-- Daten für Tabelle `offer`
--

INSERT INTO `offer` (`id`, `course`, `teacher`) VALUES
(5886, 1, 3),
(5887, 2, 3),
(5888, 3, 3),
(12720, 15, 2539),
(12721, 14, 2539),
(12722, 7, 2539),
(12723, 20, 2539),
(12724, 9, 2539),
(12725, 11, 2540),
(12726, 7, 2540),
(12727, 21, 2540),
(12728, 1, 2540),
(12729, 20, 2540),
(12730, 7, 2541),
(12731, 22, 2541),
(12732, 9, 2541),
(12733, 24, 2541),
(12734, 8, 2541),
(12735, 21, 2542),
(12736, 6, 2542),
(12737, 18, 2542),
(12738, 9, 2542),
(12739, 7, 2542),
(12740, 13, 2543),
(12741, 4, 2543),
(12742, 9, 2543),
(12743, 8, 2543),
(12744, 20, 2543),
(12745, 17, 2544),
(12746, 1, 2544),
(12747, 5, 2544),
(12748, 24, 2544),
(12749, 6, 2544),
(12750, 8, 2545),
(12751, 13, 2545),
(12752, 15, 2545),
(12753, 12, 2545),
(12754, 4, 2545),
(12755, 16, 2546),
(12756, 21, 2546),
(12757, 24, 2546),
(12758, 2, 2546),
(12759, 23, 2546),
(12760, 3, 2547),
(12761, 2, 2547),
(12762, 5, 2547),
(12763, 25, 2547),
(12764, 7, 2547),
(12765, 23, 2548),
(12766, 4, 2548),
(12767, 8, 2548),
(12768, 20, 2548),
(12769, 15, 2548),
(12770, 6, 2549),
(12771, 9, 2549),
(12772, 21, 2549),
(12773, 1, 2549),
(12774, 22, 2549),
(12775, 12, 2550),
(12776, 1, 2550),
(12777, 18, 2550),
(12778, 23, 2550),
(12779, 4, 2550),
(12780, 19, 2551),
(12781, 25, 2551),
(12782, 12, 2551),
(12783, 4, 2551),
(12784, 22, 2551),
(12785, 6, 2552),
(12786, 1, 2552),
(12787, 10, 2552),
(12788, 20, 2552),
(12789, 22, 2552),
(12790, 2, 2553),
(12791, 14, 2553),
(12792, 17, 2553),
(12793, 24, 2553),
(12794, 8, 2553),
(12795, 20, 2554),
(12796, 9, 2554),
(12797, 24, 2554),
(12798, 12, 2554),
(12799, 2, 2554),
(12800, 1, 2555),
(12801, 25, 2555),
(12802, 12, 2555),
(12803, 6, 2555),
(12804, 18, 2555),
(12805, 22, 2556),
(12806, 24, 2556),
(12807, 7, 2556),
(12808, 8, 2556),
(12809, 19, 2556),
(12810, 1, 2557),
(12811, 23, 2557),
(12812, 2, 2557),
(12813, 22, 2557),
(12814, 8, 2557),
(12815, 8, 2558),
(12816, 2, 2558),
(12817, 13, 2558),
(12818, 20, 2558),
(12819, 5, 2558),
(12820, 11, 2559),
(12821, 5, 2559),
(12822, 14, 2559),
(12823, 12, 2559),
(12824, 22, 2559),
(12825, 8, 2560),
(12826, 23, 2560),
(12827, 25, 2560),
(12828, 24, 2560),
(12829, 16, 2560),
(12830, 13, 2561),
(12831, 25, 2561),
(12832, 15, 2561),
(12833, 20, 2561),
(12834, 16, 2561),
(12835, 19, 2562),
(12836, 11, 2562),
(12837, 14, 2562),
(12838, 8, 2562),
(12839, 12, 2562),
(12840, 15, 2563),
(12841, 2, 2563),
(12842, 18, 2563),
(12843, 23, 2563),
(12844, 8, 2563),
(12845, 22, 2564),
(12846, 13, 2564),
(12847, 4, 2564),
(12848, 7, 2564),
(12849, 18, 2564),
(12850, 2, 2565),
(12851, 19, 2565),
(12852, 20, 2565),
(12853, 16, 2565),
(12854, 13, 2565),
(12855, 4, 2566),
(12856, 15, 2566),
(12857, 17, 2566),
(12858, 3, 2566),
(12859, 16, 2566),
(12860, 2, 2567),
(12861, 6, 2567),
(12862, 23, 2567),
(12863, 14, 2567),
(12864, 11, 2567),
(12865, 14, 2568),
(12866, 16, 2568),
(12867, 1, 2568),
(12868, 18, 2568),
(12869, 20, 2568),
(12870, 7, 2569),
(12871, 13, 2569),
(12872, 23, 2569),
(12873, 2, 2569),
(12874, 8, 2569),
(12875, 18, 2570),
(12876, 15, 2570),
(12877, 4, 2570),
(12878, 22, 2570),
(12879, 10, 2570),
(12880, 12, 2571),
(12881, 18, 2571),
(12882, 19, 2571),
(12883, 1, 2571),
(12884, 21, 2571),
(12885, 1, 2572),
(12886, 8, 2572),
(12887, 2, 2572),
(12888, 20, 2572),
(12889, 14, 2572),
(12890, 4, 2573),
(12891, 8, 2573),
(12892, 15, 2573),
(12893, 24, 2573),
(12894, 25, 2573),
(12895, 24, 2574),
(12896, 12, 2574),
(12897, 22, 2574),
(12898, 11, 2574),
(12899, 9, 2574),
(12900, 4, 2575),
(12901, 19, 2575),
(12902, 5, 2575),
(12903, 21, 2575),
(12904, 17, 2575),
(12905, 19, 2576),
(12906, 25, 2576),
(12907, 21, 2576),
(12908, 14, 2576),
(12909, 17, 2576),
(12910, 4, 2577),
(12911, 3, 2577),
(12912, 19, 2577),
(12913, 24, 2577),
(12914, 16, 2577),
(12915, 1, 2578),
(12916, 24, 2578),
(12917, 17, 2578),
(12918, 6, 2578),
(12919, 7, 2578),
(12920, 18, 2579),
(12921, 11, 2579),
(12922, 2, 2579),
(12923, 4, 2579),
(12924, 25, 2579),
(12925, 9, 2580),
(12926, 2, 2580),
(12927, 18, 2580),
(12928, 13, 2580),
(12929, 10, 2580),
(12930, 5, 2581),
(12931, 9, 2581),
(12932, 1, 2581),
(12933, 19, 2581),
(12934, 6, 2581),
(12935, 19, 2582),
(12936, 20, 2582),
(12937, 18, 2582),
(12938, 12, 2582),
(12939, 5, 2582),
(12940, 8, 2583),
(12941, 2, 2583),
(12942, 7, 2583),
(12943, 4, 2583),
(12944, 24, 2583),
(12945, 15, 2584),
(12946, 22, 2584),
(12947, 6, 2584),
(12948, 11, 2584),
(12949, 23, 2584),
(12950, 15, 2585),
(12951, 13, 2585),
(12952, 1, 2585),
(12953, 24, 2585),
(12954, 9, 2585),
(12955, 13, 2586),
(12956, 5, 2586),
(12957, 9, 2586),
(12958, 19, 2586),
(12959, 17, 2586),
(12960, 24, 2587),
(12961, 12, 2587),
(12962, 10, 2587),
(12963, 20, 2587),
(12964, 23, 2587),
(12965, 11, 2588),
(12966, 5, 2588),
(12967, 19, 2588),
(12968, 3, 2588),
(12969, 22, 2588),
(12970, 5, 2589),
(12971, 8, 2589),
(12972, 20, 2589),
(12973, 15, 2589),
(12974, 9, 2589),
(12975, 2, 2590),
(12976, 25, 2590),
(12977, 10, 2590),
(12978, 7, 2590),
(12979, 19, 2590),
(12980, 2, 2591),
(12981, 14, 2591),
(12982, 9, 2591),
(12983, 8, 2591),
(12984, 22, 2591),
(12985, 7, 2592),
(12986, 4, 2592),
(12987, 18, 2592),
(12988, 20, 2592),
(12989, 1, 2592),
(12990, 17, 2593),
(12991, 5, 2593),
(12992, 10, 2593),
(12993, 19, 2593),
(12994, 1, 2593),
(12995, 6, 2594),
(12996, 19, 2594),
(12997, 4, 2594),
(12998, 23, 2594),
(12999, 13, 2594),
(13000, 13, 2595),
(13001, 16, 2595),
(13002, 15, 2595),
(13003, 14, 2595),
(13004, 7, 2595),
(13005, 6, 2596),
(13006, 14, 2596),
(13007, 4, 2596),
(13008, 25, 2596),
(13009, 12, 2596),
(13010, 11, 2597),
(13011, 18, 2597),
(13012, 22, 2597),
(13013, 2, 2597),
(13014, 9, 2597),
(13015, 7, 2598),
(13016, 25, 2598),
(13017, 6, 2598),
(13018, 2, 2598),
(13019, 1, 2598),
(13020, 9, 2599),
(13021, 17, 2599),
(13022, 6, 2599),
(13023, 8, 2599),
(13024, 20, 2599),
(13025, 19, 2600),
(13026, 8, 2600),
(13027, 13, 2600),
(13028, 15, 2600),
(13029, 7, 2600),
(13030, 23, 2601),
(13031, 15, 2601),
(13032, 20, 2601),
(13033, 7, 2601),
(13034, 24, 2601),
(13035, 2, 2602),
(13036, 6, 2602),
(13037, 23, 2602),
(13038, 5, 2602),
(13039, 11, 2602),
(13040, 9, 2603),
(13041, 2, 2603),
(13042, 15, 2603),
(13043, 25, 2603),
(13044, 14, 2603),
(13045, 20, 2604),
(13046, 14, 2604),
(13047, 5, 2604),
(13048, 22, 2604),
(13049, 21, 2604),
(13050, 11, 2605),
(13051, 12, 2605),
(13052, 25, 2605),
(13053, 16, 2605),
(13054, 13, 2605),
(13055, 17, 2606),
(13056, 5, 2606),
(13057, 13, 2606),
(13058, 1, 2606),
(13059, 11, 2606),
(13060, 7, 2607),
(13061, 11, 2607),
(13062, 16, 2607),
(13063, 18, 2607),
(13064, 12, 2607),
(13065, 21, 2608),
(13066, 2, 2608),
(13067, 4, 2608),
(13068, 11, 2608),
(13069, 10, 2608),
(13070, 7, 2609),
(13071, 12, 2609),
(13072, 10, 2609),
(13073, 21, 2609),
(13074, 23, 2609),
(13075, 17, 2610),
(13076, 12, 2610),
(13077, 21, 2610),
(13078, 2, 2610),
(13079, 3, 2610),
(13080, 19, 2611),
(13081, 6, 2611),
(13082, 12, 2611),
(13083, 21, 2611),
(13084, 22, 2611),
(13085, 2, 2612),
(13086, 19, 2612),
(13087, 10, 2612),
(13088, 22, 2612),
(13089, 15, 2612),
(13090, 7, 2613),
(13091, 13, 2613),
(13092, 24, 2613),
(13093, 22, 2613),
(13094, 12, 2613),
(13095, 11, 2614),
(13096, 15, 2614),
(13097, 21, 2614),
(13098, 13, 2614),
(13099, 25, 2614),
(13100, 24, 2615),
(13101, 9, 2615),
(13102, 8, 2615),
(13103, 25, 2615),
(13104, 10, 2615),
(13105, 13, 2616),
(13106, 8, 2616),
(13107, 5, 2616),
(13108, 4, 2616),
(13109, 20, 2616),
(13110, 18, 2617),
(13111, 7, 2617),
(13112, 23, 2617),
(13113, 24, 2617),
(13114, 9, 2617),
(13115, 21, 2618),
(13116, 19, 2618),
(13117, 1, 2618),
(13118, 4, 2618),
(13119, 7, 2618),
(13120, 2, 2619),
(13121, 24, 2619),
(13122, 19, 2619),
(13123, 6, 2619),
(13124, 18, 2619),
(13125, 13, 2620),
(13126, 2, 2620),
(13127, 15, 2620),
(13128, 6, 2620),
(13129, 18, 2620),
(13130, 4, 2621),
(13131, 2, 2621),
(13132, 11, 2621),
(13133, 23, 2621),
(13134, 21, 2621),
(13135, 24, 2622),
(13136, 10, 2622),
(13137, 19, 2622),
(13138, 17, 2622),
(13139, 7, 2622),
(13140, 1, 2623),
(13141, 3, 2623),
(13142, 2, 2623),
(13143, 21, 2623),
(13144, 24, 2623),
(13145, 14, 2624),
(13146, 18, 2624),
(13147, 17, 2624),
(13148, 2, 2624),
(13149, 15, 2624),
(13150, 14, 2625),
(13151, 16, 2625),
(13152, 1, 2625),
(13153, 21, 2625),
(13154, 8, 2625),
(13155, 14, 2626),
(13156, 22, 2626),
(13157, 13, 2626),
(13158, 10, 2626),
(13159, 9, 2626),
(13160, 14, 2627),
(13161, 12, 2627),
(13162, 5, 2627),
(13163, 7, 2627),
(13164, 24, 2627),
(13165, 12, 2628),
(13166, 3, 2628),
(13167, 11, 2628),
(13168, 2, 2628),
(13169, 23, 2628),
(13170, 17, 2629),
(13171, 20, 2629),
(13172, 19, 2629),
(13173, 24, 2629),
(13174, 12, 2629),
(13175, 22, 2630),
(13176, 2, 2630),
(13177, 3, 2630),
(13178, 19, 2630),
(13179, 5, 2630),
(13180, 6, 2631),
(13181, 23, 2631),
(13182, 15, 2631),
(13183, 18, 2631),
(13184, 9, 2631),
(13185, 11, 2632),
(13186, 15, 2632),
(13187, 20, 2632),
(13188, 8, 2632),
(13189, 17, 2632),
(13190, 13, 2633),
(13191, 23, 2633),
(13192, 1, 2633),
(13193, 9, 2633),
(13194, 21, 2633),
(13195, 2, 2634),
(13196, 9, 2634),
(13197, 21, 2634),
(13198, 5, 2634),
(13199, 22, 2634),
(13200, 20, 2635),
(13201, 14, 2635),
(13202, 25, 2635),
(13203, 24, 2635),
(13204, 2, 2635),
(13205, 8, 2636),
(13206, 18, 2636),
(13207, 15, 2636),
(13208, 11, 2636),
(13209, 5, 2636),
(13210, 17, 2637),
(13211, 13, 2637),
(13212, 20, 2637),
(13213, 7, 2637),
(13214, 15, 2637),
(13215, 24, 2638),
(13216, 9, 2638),
(13217, 21, 2638),
(13218, 2, 2638),
(13219, 13, 2638),
(13220, 22, 2639),
(13221, 16, 2639),
(13222, 25, 2639),
(13223, 24, 2639),
(13224, 20, 2639),
(13225, 9, 2640),
(13226, 20, 2640),
(13227, 21, 2640),
(13228, 10, 2640),
(13229, 16, 2640),
(13230, 10, 2641),
(13231, 3, 2641),
(13232, 21, 2641),
(13233, 18, 2641),
(13234, 17, 2641),
(13235, 20, 2642),
(13236, 22, 2642),
(13237, 16, 2642),
(13238, 12, 2642),
(13239, 19, 2642),
(13240, 4, 2643),
(13241, 18, 2643),
(13242, 25, 2643),
(13243, 5, 2643),
(13244, 20, 2643),
(13245, 13, 2644),
(13246, 23, 2644),
(13247, 2, 2644),
(13248, 19, 2644),
(13249, 17, 2644),
(13250, 18, 2645),
(13251, 15, 2645),
(13252, 11, 2645),
(13253, 6, 2645),
(13254, 7, 2645),
(13255, 4, 2646),
(13256, 23, 2646),
(13257, 12, 2646),
(13258, 24, 2646),
(13259, 16, 2646),
(13260, 15, 2647),
(13261, 16, 2647),
(13262, 12, 2647),
(13263, 8, 2647),
(13264, 4, 2647),
(13265, 24, 2648),
(13266, 25, 2648),
(13267, 18, 2648),
(13268, 23, 2648),
(13269, 2, 2648),
(13270, 8, 2649),
(13271, 2, 2649),
(13272, 14, 2649),
(13273, 4, 2649),
(13274, 20, 2649),
(13275, 21, 2650),
(13276, 15, 2650),
(13277, 22, 2650),
(13278, 24, 2650),
(13279, 1, 2650),
(13280, 16, 2651),
(13281, 1, 2651),
(13282, 17, 2651),
(13283, 6, 2651),
(13284, 19, 2651),
(13285, 6, 2652),
(13286, 10, 2652),
(13287, 5, 2652),
(13288, 12, 2652),
(13289, 13, 2652),
(13290, 14, 2653),
(13291, 13, 2653),
(13292, 16, 2653),
(13293, 6, 2653),
(13294, 20, 2653),
(13295, 17, 2654),
(13296, 14, 2654),
(13297, 23, 2654),
(13298, 4, 2654),
(13299, 5, 2654),
(13300, 8, 2655),
(13301, 15, 2655),
(13302, 1, 2655),
(13303, 7, 2655),
(13304, 16, 2655),
(13305, 21, 2656),
(13306, 15, 2656),
(13307, 24, 2656),
(13308, 6, 2656),
(13309, 12, 2656),
(13310, 24, 2657),
(13311, 10, 2657),
(13312, 15, 2657),
(13313, 17, 2657),
(13314, 19, 2657),
(13315, 21, 2658),
(13316, 13, 2658),
(13317, 19, 2658),
(13318, 9, 2658),
(13319, 8, 2658),
(13320, 25, 2659),
(13321, 19, 2659),
(13322, 16, 2659),
(13323, 7, 2659),
(13324, 15, 2659),
(13325, 19, 2660),
(13326, 11, 2660),
(13327, 12, 2660),
(13328, 20, 2660),
(13329, 3, 2660),
(13330, 21, 2661),
(13331, 18, 2661),
(13332, 20, 2661),
(13333, 9, 2661),
(13334, 1, 2661),
(13335, 10, 2662),
(13336, 5, 2662),
(13337, 19, 2662),
(13338, 7, 2662),
(13339, 14, 2662),
(13340, 2, 2663),
(13341, 19, 2663),
(13342, 4, 2663),
(13343, 1, 2663),
(13344, 22, 2663),
(13345, 3, 2664),
(13346, 10, 2664),
(13347, 24, 2664),
(13348, 20, 2664),
(13349, 18, 2664),
(13350, 12, 2665),
(13351, 3, 2665),
(13352, 6, 2665),
(13353, 20, 2665),
(13354, 24, 2665),
(13355, 11, 2666),
(13356, 19, 2666),
(13357, 13, 2666),
(13358, 9, 2666),
(13359, 22, 2666),
(13360, 16, 2667),
(13361, 17, 2667),
(13362, 23, 2667),
(13363, 14, 2667),
(13364, 5, 2667),
(13365, 3, 2668),
(13366, 18, 2668),
(13367, 7, 2668),
(13368, 13, 2668),
(13369, 25, 2668),
(13370, 16, 2669),
(13371, 24, 2669),
(13372, 6, 2669),
(13373, 17, 2669),
(13374, 4, 2669),
(13375, 21, 2670),
(13376, 20, 2670),
(13377, 18, 2670),
(13378, 10, 2670),
(13379, 22, 2670),
(13380, 4, 2671),
(13381, 1, 2671),
(13382, 12, 2671),
(13383, 23, 2671),
(13384, 3, 2671),
(13385, 18, 2672),
(13386, 23, 2672),
(13387, 22, 2672),
(13388, 6, 2672),
(13389, 16, 2672),
(13390, 6, 2673),
(13391, 5, 2673),
(13392, 8, 2673),
(13393, 3, 2673),
(13394, 4, 2673),
(13395, 8, 2674),
(13396, 21, 2674),
(13397, 12, 2674),
(13398, 1, 2674),
(13399, 5, 2674),
(13400, 11, 2675),
(13401, 22, 2675),
(13402, 23, 2675),
(13403, 15, 2675),
(13404, 19, 2675),
(13405, 14, 2676),
(13406, 12, 2676),
(13407, 16, 2676),
(13408, 13, 2676),
(13409, 18, 2676),
(13410, 2, 2677),
(13411, 6, 2677),
(13412, 20, 2677),
(13413, 16, 2677),
(13414, 9, 2677),
(13415, 13, 2678),
(13416, 24, 2678),
(13417, 5, 2678),
(13418, 3, 2678),
(13419, 20, 2678),
(13420, 24, 2679),
(13421, 13, 2679),
(13422, 2, 2679),
(13423, 10, 2679),
(13424, 9, 2679),
(13425, 6, 2680),
(13426, 10, 2680),
(13427, 11, 2680),
(13428, 5, 2680),
(13429, 3, 2680),
(13430, 12, 2681),
(13431, 19, 2681),
(13432, 17, 2681),
(13433, 6, 2681),
(13434, 3, 2681),
(13435, 8, 2682),
(13436, 3, 2682),
(13437, 19, 2682),
(13438, 10, 2682),
(13439, 13, 2682),
(13440, 22, 2683),
(13441, 3, 2683),
(13442, 13, 2683),
(13443, 4, 2683),
(13444, 2, 2683),
(13445, 21, 2684),
(13446, 10, 2684),
(13447, 25, 2684),
(13448, 12, 2684),
(13449, 1, 2684),
(13450, 18, 2685),
(13451, 24, 2685),
(13452, 8, 2685),
(13453, 16, 2685),
(13454, 19, 2685),
(13455, 4, 2686),
(13456, 18, 2686),
(13457, 24, 2686),
(13458, 5, 2686),
(13459, 1, 2686),
(13460, 4, 2687),
(13461, 17, 2687),
(13462, 6, 2687),
(13463, 24, 2687),
(13464, 11, 2687),
(13465, 25, 2688),
(13466, 1, 2688),
(13467, 14, 2688),
(13468, 10, 2688),
(13469, 9, 2688),
(13470, 4, 2689),
(13471, 25, 2689),
(13472, 3, 2689),
(13473, 6, 2689),
(13474, 13, 2689),
(13475, 11, 2690),
(13476, 2, 2690),
(13477, 10, 2690),
(13478, 3, 2690),
(13479, 15, 2690),
(13480, 24, 2691),
(13481, 17, 2691),
(13482, 1, 2691),
(13483, 18, 2691),
(13484, 8, 2691),
(13485, 2, 2692),
(13486, 9, 2692),
(13487, 1, 2692),
(13488, 11, 2692),
(13489, 19, 2692),
(13490, 16, 2693),
(13491, 20, 2693),
(13492, 2, 2693),
(13493, 18, 2693),
(13494, 23, 2693),
(13495, 8, 2694),
(13496, 5, 2694),
(13497, 25, 2694),
(13498, 24, 2694),
(13499, 7, 2694),
(13500, 7, 2695),
(13501, 5, 2695),
(13502, 14, 2695),
(13503, 23, 2695),
(13504, 3, 2695),
(13505, 9, 2696),
(13506, 22, 2696),
(13507, 15, 2696),
(13508, 4, 2696),
(13509, 6, 2696),
(13510, 4, 2697),
(13511, 7, 2697),
(13512, 22, 2697),
(13513, 10, 2697),
(13514, 3, 2697),
(13515, 8, 2698),
(13516, 17, 2698),
(13517, 23, 2698),
(13518, 22, 2698),
(13519, 21, 2698),
(13520, 17, 2699),
(13521, 15, 2699),
(13522, 25, 2699),
(13523, 18, 2699),
(13524, 3, 2699),
(13525, 22, 2700),
(13526, 10, 2700),
(13527, 12, 2700),
(13528, 18, 2700),
(13529, 3, 2700),
(13530, 22, 2701),
(13531, 8, 2701),
(13532, 23, 2701),
(13533, 25, 2701),
(13534, 15, 2701),
(13535, 14, 2702),
(13536, 8, 2702),
(13537, 20, 2702),
(13538, 3, 2702),
(13539, 17, 2702),
(13540, 19, 2703),
(13541, 16, 2703),
(13542, 15, 2703),
(13543, 7, 2703),
(13544, 24, 2703),
(13545, 18, 2704),
(13546, 20, 2704),
(13547, 8, 2704),
(13548, 9, 2704),
(13549, 25, 2704),
(13550, 12, 2705),
(13551, 23, 2705),
(13552, 20, 2705),
(13553, 8, 2705),
(13554, 22, 2705),
(13555, 24, 2706),
(13556, 12, 2706),
(13557, 19, 2706),
(13558, 2, 2706),
(13559, 10, 2706),
(13560, 23, 2707),
(13561, 9, 2707),
(13562, 3, 2707),
(13563, 6, 2707),
(13564, 7, 2707),
(13565, 7, 2708),
(13566, 12, 2708),
(13567, 13, 2708),
(13568, 15, 2708),
(13569, 11, 2708),
(13570, 3, 2709),
(13571, 5, 2709),
(13572, 11, 2709),
(13573, 12, 2709),
(13574, 20, 2709),
(13575, 3, 2710),
(13576, 16, 2710),
(13577, 19, 2710),
(13578, 23, 2710),
(13579, 21, 2710),
(13580, 5, 2711),
(13581, 22, 2711),
(13582, 12, 2711),
(13583, 23, 2711),
(13584, 15, 2711),
(13585, 25, 2712),
(13586, 13, 2712),
(13587, 24, 2712),
(13588, 23, 2712),
(13589, 3, 2712),
(13590, 13, 2713),
(13591, 5, 2713),
(13592, 22, 2713),
(13593, 1, 2713),
(13594, 16, 2713),
(13595, 17, 2714),
(13596, 10, 2714),
(13597, 3, 2714),
(13598, 12, 2714),
(13599, 6, 2714),
(13600, 6, 2715),
(13601, 15, 2715),
(13602, 1, 2715),
(13603, 10, 2715),
(13604, 5, 2715),
(13605, 17, 2716),
(13606, 8, 2716),
(13607, 21, 2716),
(13608, 7, 2716),
(13609, 4, 2716),
(13610, 15, 2717),
(13611, 16, 2717),
(13612, 22, 2717),
(13613, 4, 2717),
(13614, 7, 2717),
(13615, 2, 2718),
(13616, 6, 2718),
(13617, 12, 2718),
(13618, 7, 2718),
(13619, 20, 2718),
(13620, 18, 2719),
(13621, 23, 2719),
(13622, 15, 2719),
(13623, 22, 2719),
(13624, 14, 2719),
(13625, 5, 2720),
(13626, 8, 2720),
(13627, 17, 2720),
(13628, 6, 2720),
(13629, 24, 2720),
(13630, 20, 2721),
(13631, 2, 2721),
(13632, 18, 2721),
(13633, 1, 2721),
(13634, 17, 2721),
(13635, 15, 2722),
(13636, 7, 2722),
(13637, 10, 2722),
(13638, 5, 2722),
(13639, 21, 2722),
(13640, 21, 2723),
(13641, 11, 2723),
(13642, 15, 2723),
(13643, 2, 2723),
(13644, 5, 2723),
(13645, 18, 2724),
(13646, 10, 2724),
(13647, 12, 2724),
(13648, 13, 2724),
(13649, 22, 2724),
(13650, 7, 2725),
(13651, 24, 2725),
(13652, 1, 2725),
(13653, 9, 2725),
(13654, 22, 2725),
(13655, 10, 2726),
(13656, 23, 2726),
(13657, 22, 2726),
(13658, 1, 2726),
(13659, 24, 2726),
(13660, 7, 2727),
(13661, 25, 2727),
(13662, 22, 2727),
(13663, 15, 2727),
(13664, 18, 2727),
(13665, 11, 2728),
(13666, 21, 2728),
(13667, 19, 2728),
(13668, 2, 2728),
(13669, 1, 2728),
(13670, 20, 2729),
(13671, 22, 2729),
(13672, 9, 2729),
(13673, 15, 2729),
(13674, 23, 2729),
(13675, 21, 2730),
(13676, 20, 2730),
(13677, 3, 2730),
(13678, 22, 2730),
(13679, 19, 2730),
(13680, 12, 2731),
(13681, 18, 2731),
(13682, 11, 2731),
(13683, 25, 2731),
(13684, 2, 2731),
(13685, 9, 2732),
(13686, 17, 2732),
(13687, 2, 2732),
(13688, 16, 2732),
(13689, 1, 2732),
(13690, 18, 2733),
(13691, 14, 2733),
(13692, 4, 2733),
(13693, 20, 2733),
(13694, 25, 2733),
(13695, 4, 2734),
(13696, 16, 2734),
(13697, 14, 2734),
(13698, 23, 2734),
(13699, 24, 2734);

-- --------------------------------------------------------

--
-- Tabellenstruktur für Tabelle `partner`
--

CREATE TABLE IF NOT EXISTS `partner` (
  `id` int(11) NOT NULL AUTO_INCREMENT,
  `personA` int(11) NOT NULL,
  `personB` int(11) NOT NULL,
  `status` int(2) NOT NULL,
  PRIMARY KEY (`id`),
  KEY `personA` (`personA`),
  KEY `personB` (`personB`)
) ENGINE=InnoDB  DEFAULT CHARSET=utf8 AUTO_INCREMENT=187 ;

-- --------------------------------------------------------

--
-- Tabellenstruktur für Tabelle `search`
--

CREATE TABLE IF NOT EXISTS `search` (
  `id` int(11) NOT NULL AUTO_INCREMENT,
  `course` int(11) NOT NULL,
  `student` int(11) NOT NULL,
  PRIMARY KEY (`id`),
  KEY `course` (`course`),
  KEY `student` (`student`)
) ENGINE=InnoDB  DEFAULT CHARSET=utf8 AUTO_INCREMENT=13650 ;

--
-- Daten für Tabelle `search`
--

INSERT INTO `search` (`id`, `course`, `student`) VALUES
(5832, 1, 3),
(5833, 3, 3),
(5834, 8, 3),
(5835, 14, 3),
(5836, 21, 3),
(12670, 5, 2539),
(12671, 3, 2539),
(12672, 21, 2539),
(12673, 6, 2539),
(12674, 17, 2539),
(12675, 22, 2540),
(12676, 6, 2540),
(12677, 12, 2540),
(12678, 23, 2540),
(12679, 8, 2540),
(12680, 14, 2541),
(12681, 25, 2541),
(12682, 16, 2541),
(12683, 23, 2541),
(12684, 21, 2541),
(12685, 2, 2542),
(12686, 4, 2542),
(12687, 16, 2542),
(12688, 8, 2542),
(12689, 15, 2542),
(12690, 17, 2543),
(12691, 12, 2543),
(12692, 2, 2543),
(12693, 7, 2543),
(12694, 22, 2543),
(12695, 4, 2544),
(12696, 8, 2544),
(12697, 13, 2544),
(12698, 21, 2544),
(12699, 12, 2544),
(12700, 21, 2545),
(12701, 17, 2545),
(12702, 9, 2545),
(12703, 5, 2545),
(12704, 1, 2545),
(12705, 8, 2546),
(12706, 10, 2546),
(12707, 20, 2546),
(12708, 18, 2546),
(12709, 5, 2546),
(12710, 24, 2547),
(12711, 21, 2547),
(12712, 1, 2547),
(12713, 23, 2547),
(12714, 17, 2547),
(12715, 10, 2548),
(12716, 13, 2548),
(12717, 2, 2548),
(12718, 25, 2548),
(12719, 14, 2548),
(12720, 2, 2549),
(12721, 24, 2549),
(12722, 18, 2549),
(12723, 20, 2549),
(12724, 4, 2549),
(12725, 8, 2550),
(12726, 19, 2550),
(12727, 11, 2550),
(12728, 2, 2550),
(12729, 17, 2550),
(12730, 3, 2551),
(12731, 11, 2551),
(12732, 23, 2551),
(12733, 10, 2551),
(12734, 15, 2551),
(12735, 15, 2552),
(12736, 16, 2552),
(12737, 4, 2552),
(12738, 13, 2552),
(12739, 19, 2552),
(12740, 3, 2553),
(12741, 6, 2553),
(12742, 7, 2553),
(12743, 20, 2553),
(12744, 22, 2553),
(12745, 19, 2554),
(12746, 18, 2554),
(12747, 6, 2554),
(12748, 14, 2554),
(12749, 1, 2554),
(12750, 13, 2555),
(12751, 16, 2555),
(12752, 5, 2555),
(12753, 17, 2555),
(12754, 7, 2555),
(12755, 15, 2556),
(12756, 5, 2556),
(12757, 16, 2556),
(12758, 17, 2556),
(12759, 9, 2556),
(12760, 19, 2557),
(12761, 5, 2557),
(12762, 17, 2557),
(12763, 15, 2557),
(12764, 25, 2557),
(12765, 14, 2558),
(12766, 6, 2558),
(12767, 1, 2558),
(12768, 17, 2558),
(12769, 12, 2558),
(12770, 6, 2559),
(12771, 25, 2559),
(12772, 16, 2559),
(12773, 9, 2559),
(12774, 4, 2559),
(12775, 4, 2560),
(12776, 14, 2560),
(12777, 15, 2560),
(12778, 6, 2560),
(12779, 20, 2560),
(12780, 9, 2561),
(12781, 14, 2561),
(12782, 4, 2561),
(12783, 5, 2561),
(12784, 10, 2561),
(12785, 13, 2562),
(12786, 9, 2562),
(12787, 25, 2562),
(12788, 7, 2562),
(12789, 20, 2562),
(12790, 17, 2563),
(12791, 22, 2563),
(12792, 7, 2563),
(12793, 5, 2563),
(12794, 1, 2563),
(12795, 12, 2564),
(12796, 6, 2564),
(12797, 17, 2564),
(12798, 2, 2564),
(12799, 11, 2564),
(12800, 14, 2565),
(12801, 3, 2565),
(12802, 17, 2565),
(12803, 7, 2565),
(12804, 1, 2565),
(12805, 6, 2566),
(12806, 22, 2566),
(12807, 1, 2566),
(12808, 19, 2566),
(12809, 12, 2566),
(12810, 1, 2567),
(12811, 10, 2567),
(12812, 19, 2567),
(12813, 25, 2567),
(12814, 17, 2567),
(12815, 4, 2568),
(12816, 23, 2568),
(12817, 3, 2568),
(12818, 22, 2568),
(12819, 9, 2568),
(12820, 5, 2569),
(12821, 12, 2569),
(12822, 18, 2569),
(12823, 14, 2569),
(12824, 25, 2569),
(12825, 17, 2570),
(12826, 21, 2570),
(12827, 12, 2570),
(12828, 1, 2570),
(12829, 3, 2570),
(12830, 13, 2571),
(12831, 10, 2571),
(12832, 9, 2571),
(12833, 8, 2571),
(12834, 3, 2571),
(12835, 13, 2572),
(12836, 25, 2572),
(12837, 7, 2572),
(12838, 3, 2572),
(12839, 24, 2572),
(12840, 2, 2573),
(12841, 9, 2573),
(12842, 16, 2573),
(12843, 7, 2573),
(12844, 23, 2573),
(12845, 19, 2574),
(12846, 13, 2574),
(12847, 1, 2574),
(12848, 23, 2574),
(12849, 25, 2574),
(12850, 25, 2575),
(12851, 22, 2575),
(12852, 6, 2575),
(12853, 23, 2575),
(12854, 2, 2575),
(12855, 11, 2576),
(12856, 9, 2576),
(12857, 20, 2576),
(12858, 3, 2576),
(12859, 10, 2576),
(12860, 21, 2577),
(12861, 14, 2577),
(12862, 10, 2577),
(12863, 23, 2577),
(12864, 20, 2577),
(12865, 5, 2578),
(12866, 16, 2578),
(12867, 15, 2578),
(12868, 14, 2578),
(12869, 2, 2578),
(12870, 6, 2579),
(12871, 3, 2579),
(12872, 14, 2579),
(12873, 16, 2579),
(12874, 1, 2579),
(12875, 6, 2580),
(12876, 24, 2580),
(12877, 8, 2580),
(12878, 23, 2580),
(12879, 15, 2580),
(12880, 12, 2581),
(12881, 20, 2581),
(12882, 2, 2581),
(12883, 7, 2581),
(12884, 25, 2581),
(12885, 2, 2582),
(12886, 23, 2582),
(12887, 9, 2582),
(12888, 16, 2582),
(12889, 25, 2582),
(12890, 17, 2583),
(12891, 20, 2583),
(12892, 3, 2583),
(12893, 18, 2583),
(12894, 12, 2583),
(12895, 13, 2584),
(12896, 21, 2584),
(12897, 1, 2584),
(12898, 17, 2584),
(12899, 9, 2584),
(12900, 21, 2585),
(12901, 14, 2585),
(12902, 22, 2585),
(12903, 2, 2585),
(12904, 16, 2585),
(12905, 24, 2586),
(12906, 7, 2586),
(12907, 14, 2586),
(12908, 21, 2586),
(12909, 22, 2586),
(12910, 4, 2587),
(12911, 22, 2587),
(12912, 16, 2587),
(12913, 5, 2587),
(12914, 17, 2587),
(12915, 15, 2588),
(12916, 24, 2588),
(12917, 9, 2588),
(12918, 2, 2588),
(12919, 1, 2588),
(12920, 13, 2589),
(12921, 21, 2589),
(12922, 19, 2589),
(12923, 10, 2589),
(12924, 22, 2589),
(12925, 12, 2590),
(12926, 24, 2590),
(12927, 4, 2590),
(12928, 11, 2590),
(12929, 20, 2590),
(12930, 6, 2591),
(12931, 24, 2591),
(12932, 1, 2591),
(12933, 3, 2591),
(12934, 18, 2591),
(12935, 6, 2592),
(12936, 13, 2592),
(12937, 24, 2592),
(12938, 5, 2592),
(12939, 11, 2592),
(12940, 4, 2593),
(12941, 25, 2593),
(12942, 2, 2593),
(12943, 11, 2593),
(12944, 15, 2593),
(12945, 18, 2594),
(12946, 3, 2594),
(12947, 2, 2594),
(12948, 21, 2594),
(12949, 25, 2594),
(12950, 4, 2595),
(12951, 24, 2595),
(12952, 10, 2595),
(12953, 21, 2595),
(12954, 9, 2595),
(12955, 10, 2596),
(12956, 20, 2596),
(12957, 8, 2596),
(12958, 3, 2596),
(12959, 13, 2596),
(12960, 23, 2597),
(12961, 17, 2597),
(12962, 10, 2597),
(12963, 1, 2597),
(12964, 25, 2597),
(12965, 21, 2598),
(12966, 16, 2598),
(12967, 19, 2598),
(12968, 18, 2598),
(12969, 9, 2598),
(12970, 16, 2599),
(12971, 19, 2599),
(12972, 21, 2599),
(12973, 2, 2599),
(12974, 14, 2599),
(12975, 21, 2600),
(12976, 18, 2600),
(12977, 6, 2600),
(12978, 3, 2600),
(12979, 23, 2600),
(12980, 5, 2601),
(12981, 21, 2601),
(12982, 3, 2601),
(12983, 6, 2601),
(12984, 22, 2601),
(12985, 16, 2602),
(12986, 14, 2602),
(12987, 21, 2602),
(12988, 13, 2602),
(12989, 12, 2602),
(12990, 20, 2603),
(12991, 6, 2603),
(12992, 7, 2603),
(12993, 5, 2603),
(12994, 22, 2603),
(12995, 12, 2604),
(12996, 25, 2604),
(12997, 10, 2604),
(12998, 17, 2604),
(12999, 9, 2604),
(13000, 7, 2605),
(13001, 15, 2605),
(13002, 10, 2605),
(13003, 5, 2605),
(13004, 8, 2605),
(13005, 7, 2606),
(13006, 16, 2606),
(13007, 9, 2606),
(13008, 6, 2606),
(13009, 2, 2606),
(13010, 13, 2607),
(13011, 3, 2607),
(13012, 23, 2607),
(13013, 22, 2607),
(13014, 2, 2607),
(13015, 6, 2608),
(13016, 14, 2608),
(13017, 15, 2608),
(13018, 16, 2608),
(13019, 3, 2608),
(13020, 16, 2609),
(13021, 25, 2609),
(13022, 13, 2609),
(13023, 22, 2609),
(13024, 1, 2609),
(13025, 6, 2610),
(13026, 8, 2610),
(13027, 14, 2610),
(13028, 10, 2610),
(13029, 24, 2610),
(13030, 20, 2611),
(13031, 14, 2611),
(13032, 16, 2611),
(13033, 8, 2611),
(13034, 3, 2611),
(13035, 25, 2612),
(13036, 18, 2612),
(13037, 20, 2612),
(13038, 5, 2612),
(13039, 21, 2612),
(13040, 19, 2613),
(13041, 18, 2613),
(13042, 16, 2613),
(13043, 3, 2613),
(13044, 11, 2613),
(13045, 23, 2614),
(13046, 14, 2614),
(13047, 10, 2614),
(13048, 3, 2614),
(13049, 22, 2614),
(13050, 16, 2615),
(13051, 18, 2615),
(13052, 3, 2615),
(13053, 20, 2615),
(13054, 6, 2615),
(13055, 11, 2616),
(13056, 15, 2616),
(13057, 25, 2616),
(13058, 16, 2616),
(13059, 22, 2616),
(13060, 25, 2617),
(13061, 3, 2617),
(13062, 15, 2617),
(13063, 8, 2617),
(13064, 14, 2617),
(13065, 20, 2618),
(13066, 3, 2618),
(13067, 10, 2618),
(13068, 2, 2618),
(13069, 17, 2618),
(13070, 13, 2619),
(13071, 3, 2619),
(13072, 8, 2619),
(13073, 12, 2619),
(13074, 9, 2619),
(13075, 7, 2620),
(13076, 17, 2620),
(13077, 22, 2620),
(13078, 19, 2620),
(13079, 10, 2620),
(13080, 10, 2621),
(13081, 3, 2621),
(13082, 20, 2621),
(13083, 7, 2621),
(13084, 9, 2621),
(13085, 3, 2622),
(13086, 15, 2622),
(13087, 21, 2622),
(13088, 1, 2622),
(13089, 23, 2622),
(13090, 23, 2623),
(13091, 7, 2623),
(13092, 10, 2623),
(13093, 8, 2623),
(13094, 18, 2623),
(13095, 24, 2624),
(13096, 1, 2624),
(13097, 11, 2624),
(13098, 5, 2624),
(13099, 19, 2624),
(13100, 19, 2625),
(13101, 18, 2625),
(13102, 10, 2625),
(13103, 5, 2625),
(13104, 6, 2625),
(13105, 11, 2626),
(13106, 8, 2626),
(13107, 4, 2626),
(13108, 6, 2626),
(13109, 5, 2626),
(13110, 19, 2627),
(13111, 25, 2627),
(13112, 15, 2627),
(13113, 17, 2627),
(13114, 13, 2627),
(13115, 8, 2628),
(13116, 15, 2628),
(13117, 1, 2628),
(13118, 18, 2628),
(13119, 5, 2628),
(13120, 4, 2629),
(13121, 7, 2629),
(13122, 23, 2629),
(13123, 15, 2629),
(13124, 11, 2629),
(13125, 25, 2630),
(13126, 12, 2630),
(13127, 14, 2630),
(13128, 13, 2630),
(13129, 7, 2630),
(13130, 24, 2631),
(13131, 5, 2631),
(13132, 8, 2631),
(13133, 14, 2631),
(13134, 19, 2631),
(13135, 7, 2632),
(13136, 5, 2632),
(13137, 25, 2632),
(13138, 4, 2632),
(13139, 6, 2632),
(13140, 14, 2633),
(13141, 5, 2633),
(13142, 12, 2633),
(13143, 17, 2633),
(13144, 11, 2633),
(13145, 10, 2634),
(13146, 15, 2634),
(13147, 19, 2634),
(13148, 13, 2634),
(13149, 6, 2634),
(13150, 6, 2635),
(13151, 18, 2635),
(13152, 12, 2635),
(13153, 11, 2635),
(13154, 5, 2635),
(13155, 14, 2636),
(13156, 21, 2636),
(13157, 6, 2636),
(13158, 13, 2636),
(13159, 12, 2636),
(13160, 21, 2637),
(13161, 10, 2637),
(13162, 18, 2637),
(13163, 5, 2637),
(13164, 2, 2637),
(13165, 11, 2638),
(13166, 20, 2638),
(13167, 17, 2638),
(13168, 1, 2638),
(13169, 4, 2638),
(13170, 19, 2639),
(13171, 7, 2639),
(13172, 9, 2639),
(13173, 15, 2639),
(13174, 12, 2639),
(13175, 2, 2640),
(13176, 23, 2640),
(13177, 17, 2640),
(13178, 4, 2640),
(13179, 18, 2640),
(13180, 6, 2641),
(13181, 19, 2641),
(13182, 23, 2641),
(13183, 2, 2641),
(13184, 7, 2641),
(13185, 18, 2642),
(13186, 1, 2642),
(13187, 3, 2642),
(13188, 21, 2642),
(13189, 25, 2642),
(13190, 8, 2643),
(13191, 24, 2643),
(13192, 7, 2643),
(13193, 17, 2643),
(13194, 13, 2643),
(13195, 12, 2644),
(13196, 15, 2644),
(13197, 25, 2644),
(13198, 5, 2644),
(13199, 8, 2644),
(13200, 9, 2645),
(13201, 20, 2645),
(13202, 17, 2645),
(13203, 2, 2645),
(13204, 12, 2645),
(13205, 15, 2646),
(13206, 22, 2646),
(13207, 18, 2646),
(13208, 1, 2646),
(13209, 7, 2646),
(13210, 13, 2647),
(13211, 24, 2647),
(13212, 1, 2647),
(13213, 14, 2647),
(13214, 17, 2647),
(13215, 1, 2648),
(13216, 7, 2648),
(13217, 5, 2648),
(13218, 13, 2648),
(13219, 3, 2648),
(13220, 18, 2649),
(13221, 6, 2649),
(13222, 19, 2649),
(13223, 21, 2649),
(13224, 5, 2649),
(13225, 7, 2650),
(13226, 12, 2650),
(13227, 6, 2650),
(13228, 18, 2650),
(13229, 2, 2650),
(13230, 4, 2651),
(13231, 12, 2651),
(13232, 25, 2651),
(13233, 21, 2651),
(13234, 14, 2651),
(13235, 22, 2652),
(13236, 16, 2652),
(13237, 2, 2652),
(13238, 25, 2652),
(13239, 19, 2652),
(13240, 1, 2653),
(13241, 2, 2653),
(13242, 11, 2653),
(13243, 22, 2653),
(13244, 9, 2653),
(13245, 22, 2654),
(13246, 13, 2654),
(13247, 15, 2654),
(13248, 2, 2654),
(13249, 6, 2654),
(13250, 21, 2655),
(13251, 20, 2655),
(13252, 6, 2655),
(13253, 4, 2655),
(13254, 5, 2655),
(13255, 23, 2656),
(13256, 13, 2656),
(13257, 5, 2656),
(13258, 2, 2656),
(13259, 3, 2656),
(13260, 14, 2657),
(13261, 1, 2657),
(13262, 4, 2657),
(13263, 2, 2657),
(13264, 6, 2657),
(13265, 22, 2658),
(13266, 2, 2658),
(13267, 23, 2658),
(13268, 1, 2658),
(13269, 25, 2658),
(13270, 2, 2659),
(13271, 13, 2659),
(13272, 18, 2659),
(13273, 23, 2659),
(13274, 17, 2659),
(13275, 25, 2660),
(13276, 10, 2660),
(13277, 23, 2660),
(13278, 15, 2660),
(13279, 14, 2660),
(13280, 16, 2661),
(13281, 24, 2661),
(13282, 15, 2661),
(13283, 13, 2661),
(13284, 6, 2661),
(13285, 22, 2662),
(13286, 6, 2662),
(13287, 23, 2662),
(13288, 1, 2662),
(13289, 9, 2662),
(13290, 14, 2663),
(13291, 17, 2663),
(13292, 24, 2663),
(13293, 3, 2663),
(13294, 15, 2663),
(13295, 7, 2664),
(13296, 21, 2664),
(13297, 6, 2664),
(13298, 19, 2664),
(13299, 14, 2664),
(13300, 22, 2665),
(13301, 25, 2665),
(13302, 11, 2665),
(13303, 1, 2665),
(13304, 18, 2665),
(13305, 15, 2666),
(13306, 7, 2666),
(13307, 5, 2666),
(13308, 18, 2666),
(13309, 8, 2666),
(13310, 22, 2667),
(13311, 20, 2667),
(13312, 1, 2667),
(13313, 10, 2667),
(13314, 25, 2667),
(13315, 4, 2668),
(13316, 16, 2668),
(13317, 9, 2668),
(13318, 20, 2668),
(13319, 2, 2668),
(13320, 25, 2669),
(13321, 13, 2669),
(13322, 14, 2669),
(13323, 1, 2669),
(13324, 11, 2669),
(13325, 4, 2670),
(13326, 16, 2670),
(13327, 17, 2670),
(13328, 25, 2670),
(13329, 1, 2670),
(13330, 16, 2671),
(13331, 20, 2671),
(13332, 19, 2671),
(13333, 2, 2671),
(13334, 25, 2671),
(13335, 8, 2672),
(13336, 4, 2672),
(13337, 12, 2672),
(13338, 3, 2672),
(13339, 1, 2672),
(13340, 24, 2673),
(13341, 2, 2673),
(13342, 16, 2673),
(13343, 7, 2673),
(13344, 23, 2673),
(13345, 13, 2674),
(13346, 22, 2674),
(13347, 14, 2674),
(13348, 25, 2674),
(13349, 20, 2674),
(13350, 3, 2675),
(13351, 14, 2675),
(13352, 2, 2675),
(13353, 25, 2675),
(13354, 13, 2675),
(13355, 17, 2676),
(13356, 2, 2676),
(13357, 21, 2676),
(13358, 11, 2676),
(13359, 7, 2676),
(13360, 25, 2677),
(13361, 12, 2677),
(13362, 14, 2677),
(13363, 19, 2677),
(13364, 22, 2677),
(13365, 1, 2678),
(13366, 21, 2678),
(13367, 23, 2678),
(13368, 22, 2678),
(13369, 10, 2678),
(13370, 11, 2679),
(13371, 6, 2679),
(13372, 14, 2679),
(13373, 21, 2679),
(13374, 16, 2679),
(13375, 24, 2680),
(13376, 14, 2680),
(13377, 23, 2680),
(13378, 12, 2680),
(13379, 8, 2680),
(13380, 2, 2681),
(13381, 11, 2681),
(13382, 10, 2681),
(13383, 8, 2681),
(13384, 15, 2681),
(13385, 5, 2682),
(13386, 6, 2682),
(13387, 18, 2682),
(13388, 21, 2682),
(13389, 24, 2682),
(13390, 24, 2683),
(13391, 6, 2683),
(13392, 19, 2683),
(13393, 10, 2683),
(13394, 17, 2683),
(13395, 16, 2684),
(13396, 4, 2684),
(13397, 6, 2684),
(13398, 3, 2684),
(13399, 15, 2684),
(13400, 10, 2685),
(13401, 11, 2685),
(13402, 6, 2685),
(13403, 23, 2685),
(13404, 25, 2685),
(13405, 14, 2686),
(13406, 25, 2686),
(13407, 6, 2686),
(13408, 15, 2686),
(13409, 19, 2686),
(13410, 15, 2687),
(13411, 2, 2687),
(13412, 10, 2687),
(13413, 20, 2687),
(13414, 16, 2687),
(13415, 23, 2688),
(13416, 4, 2688),
(13417, 17, 2688),
(13418, 13, 2688),
(13419, 7, 2688),
(13420, 7, 2689),
(13421, 16, 2689),
(13422, 15, 2689),
(13423, 8, 2689),
(13424, 17, 2689),
(13425, 22, 2690),
(13426, 6, 2690),
(13427, 13, 2690),
(13428, 5, 2690),
(13429, 8, 2690),
(13430, 9, 2691),
(13431, 7, 2691),
(13432, 15, 2691),
(13433, 3, 2691),
(13434, 23, 2691),
(13435, 18, 2692),
(13436, 14, 2692),
(13437, 10, 2692),
(13438, 21, 2692),
(13439, 25, 2692),
(13440, 1, 2693),
(13441, 19, 2693),
(13442, 14, 2693),
(13443, 21, 2693),
(13444, 11, 2693),
(13445, 2, 2694),
(13446, 16, 2694),
(13447, 1, 2694),
(13448, 23, 2694),
(13449, 19, 2694),
(13450, 12, 2695),
(13451, 25, 2695),
(13452, 4, 2695),
(13453, 13, 2695),
(13454, 9, 2695),
(13455, 16, 2696),
(13456, 17, 2696),
(13457, 10, 2696),
(13458, 20, 2696),
(13459, 14, 2696),
(13460, 25, 2697),
(13461, 18, 2697),
(13462, 9, 2697),
(13463, 15, 2697),
(13464, 6, 2697),
(13465, 4, 2698),
(13466, 10, 2698),
(13467, 7, 2698),
(13468, 19, 2698),
(13469, 20, 2698),
(13470, 6, 2699),
(13471, 11, 2699),
(13472, 2, 2699),
(13473, 8, 2699),
(13474, 7, 2699),
(13475, 6, 2700),
(13476, 13, 2700),
(13477, 23, 2700),
(13478, 25, 2700),
(13479, 14, 2700),
(13480, 14, 2701),
(13481, 18, 2701),
(13482, 6, 2701),
(13483, 17, 2701),
(13484, 13, 2701),
(13485, 6, 2702),
(13486, 10, 2702),
(13487, 16, 2702),
(13488, 21, 2702),
(13489, 5, 2702),
(13490, 10, 2703),
(13491, 18, 2703),
(13492, 22, 2703),
(13493, 11, 2703),
(13494, 6, 2703),
(13495, 5, 2704),
(13496, 12, 2704),
(13497, 2, 2704),
(13498, 13, 2704),
(13499, 15, 2704),
(13500, 15, 2705),
(13501, 4, 2705),
(13502, 7, 2705),
(13503, 6, 2705),
(13504, 16, 2705),
(13505, 11, 2706),
(13506, 5, 2706),
(13507, 20, 2706),
(13508, 17, 2706),
(13509, 25, 2706),
(13510, 11, 2707),
(13511, 14, 2707),
(13512, 5, 2707),
(13513, 12, 2707),
(13514, 17, 2707),
(13515, 9, 2708),
(13516, 17, 2708),
(13517, 8, 2708),
(13518, 25, 2708),
(13519, 22, 2708),
(13520, 8, 2709),
(13521, 17, 2709),
(13522, 21, 2709),
(13523, 15, 2709),
(13524, 23, 2709),
(13525, 1, 2710),
(13526, 20, 2710),
(13527, 17, 2710),
(13528, 24, 2710),
(13529, 22, 2710),
(13530, 14, 2711),
(13531, 10, 2711),
(13532, 18, 2711),
(13533, 20, 2711),
(13534, 9, 2711),
(13535, 21, 2712),
(13536, 2, 2712),
(13537, 17, 2712),
(13538, 15, 2712),
(13539, 8, 2712),
(13540, 6, 2713),
(13541, 4, 2713),
(13542, 12, 2713),
(13543, 25, 2713),
(13544, 2, 2713),
(13545, 2, 2714),
(13546, 9, 2714),
(13547, 23, 2714),
(13548, 16, 2714),
(13549, 22, 2714),
(13550, 13, 2715),
(13551, 11, 2715),
(13552, 7, 2715),
(13553, 16, 2715),
(13554, 14, 2715),
(13555, 22, 2716),
(13556, 12, 2716),
(13557, 1, 2716),
(13558, 2, 2716),
(13559, 24, 2716),
(13560, 18, 2717),
(13561, 14, 2717),
(13562, 20, 2717),
(13563, 13, 2717),
(13564, 8, 2717),
(13565, 23, 2718),
(13566, 13, 2718),
(13567, 10, 2718),
(13568, 9, 2718),
(13569, 14, 2718),
(13570, 21, 2719),
(13571, 7, 2719),
(13572, 12, 2719),
(13573, 9, 2719),
(13574, 19, 2719),
(13575, 15, 2720),
(13576, 7, 2720),
(13577, 1, 2720),
(13578, 12, 2720),
(13579, 16, 2720),
(13580, 22, 2721),
(13581, 11, 2721),
(13582, 12, 2721),
(13583, 4, 2721),
(13584, 21, 2721),
(13585, 11, 2722),
(13586, 22, 2722),
(13587, 14, 2722),
(13588, 17, 2722),
(13589, 24, 2722),
(13590, 8, 2723),
(13591, 16, 2723),
(13592, 20, 2723),
(13593, 22, 2723),
(13594, 1, 2723),
(13595, 20, 2724),
(13596, 24, 2724),
(13597, 11, 2724),
(13598, 1, 2724),
(13599, 9, 2724),
(13600, 10, 2725),
(13601, 23, 2725),
(13602, 20, 2725),
(13603, 4, 2725),
(13604, 18, 2725),
(13605, 18, 2726),
(13606, 16, 2726),
(13607, 6, 2726),
(13608, 17, 2726),
(13609, 12, 2726),
(13610, 10, 2727),
(13611, 6, 2727),
(13612, 1, 2727),
(13613, 12, 2727),
(13614, 16, 2727),
(13615, 6, 2728),
(13616, 8, 2728),
(13617, 24, 2728),
(13618, 3, 2728),
(13619, 25, 2728),
(13620, 11, 2729),
(13621, 24, 2729),
(13622, 7, 2729),
(13623, 13, 2729),
(13624, 12, 2729),
(13625, 5, 2730),
(13626, 13, 2730),
(13627, 4, 2730),
(13628, 7, 2730),
(13629, 23, 2730),
(13630, 3, 2731),
(13631, 17, 2731),
(13632, 24, 2731),
(13633, 23, 2731),
(13634, 7, 2731),
(13635, 6, 2732),
(13636, 21, 2732),
(13637, 24, 2732),
(13638, 13, 2732),
(13639, 25, 2732),
(13640, 6, 2733),
(13641, 9, 2733),
(13642, 15, 2733),
(13643, 2, 2733),
(13644, 22, 2733),
(13645, 15, 2734),
(13646, 25, 2734),
(13647, 20, 2734),
(13648, 18, 2734),
(13649, 6, 2734);

-- --------------------------------------------------------

--
-- Tabellenstruktur für Tabelle `user`
--

CREATE TABLE IF NOT EXISTS `user` (
  `id` int(255) NOT NULL AUTO_INCREMENT,
  `firstname` varchar(255) NOT NULL,
  `surname` varchar(255) NOT NULL,
  `email` varchar(100) NOT NULL,
  `password` varchar(100) NOT NULL,
  `is_female` tinyint(4) NOT NULL,
  `birthdate` date NOT NULL,
  `credits` int(11) NOT NULL,
  `studienfach` varchar(255) DEFAULT NULL,
  `studienjahr` int(255) DEFAULT NULL,
  `city` varchar(255) DEFAULT NULL,
  `description` text NOT NULL,
  `register_date` date NOT NULL,
  `avatar` varchar(255) NOT NULL DEFAULT '',
  PRIMARY KEY (`id`)
) ENGINE=InnoDB  DEFAULT CHARSET=utf8 AUTO_INCREMENT=2735 ;

--
-- Daten für Tabelle `user`
--

INSERT INTO `user` (`id`, `firstname`, `surname`, `email`, `password`, `is_female`, `birthdate`, `credits`, `studienfach`, `studienjahr`, `city`, `description`, `register_date`, `avatar`) VALUES
(3, 'Fabian', 'Hoffmann', 'ragnar_@gmx.at', 'asdf', 0, '2014-04-16', 5, 'Multimedia Technology', 2013, 'Salzburg', 'Hi,\r\nich bin der Admin.\r\n\r\nBei Fragen, Anregungen und Beschwerden könnt ihr euch gerne an mich wenden.\r\n\r\nAchja ihr könnt mich Fabi nennen.\r\n', '2014-04-16', '3_profile.jpg'),
(2539, 'Lena', 'Steiner', '5@test.at', 'asdf', 1, '0000-00-00', 0, NULL, NULL, NULL, '', '2014-05-16', 'female_avatar.png'),
(2540, 'Peter', 'Steiner', '6@test.at', 'asdf', 0, '0000-00-00', 0, NULL, NULL, NULL, '', '2014-05-16', 'male_avatar.png'),
(2541, 'Franz', 'Mühlleitner', '7@test.at', 'asdf', 0, '0000-00-00', 0, NULL, NULL, NULL, '', '2014-05-16', 'male_avatar.png'),
(2542, 'Sophie', 'Müller', '8@test.at', 'asdf', 1, '0000-00-00', 0, NULL, NULL, NULL, '', '2014-05-16', 'female_avatar.png'),
(2543, 'Paul', 'Haas', '9@test.at', 'asdf', 0, '0000-00-00', 0, NULL, NULL, NULL, '', '2014-05-16', 'male_avatar.png'),
(2544, 'Simon', 'Walch', '10@test.at', 'asdf', 0, '0000-00-00', 0, NULL, NULL, NULL, '', '2014-05-16', 'male_avatar.png'),
(2545, 'Isabella', 'Armstorfer', '11@test.at', 'asdf', 1, '0000-00-00', 0, NULL, NULL, NULL, '', '2014-05-16', 'female_avatar.png'),
(2546, 'Sophie', 'Haidinger', '12@test.at', 'asdf', 1, '0000-00-00', 0, NULL, NULL, NULL, '', '2014-05-16', 'female_avatar.png'),
(2547, 'Martin', 'Freinbichler', '13@test.at', 'asdf', 0, '0000-00-00', 0, NULL, NULL, NULL, '', '2014-05-16', 'male_avatar.png'),
(2548, 'Veronika', 'Sommer', '14@test.at', 'asdf', 1, '0000-00-00', 0, NULL, NULL, NULL, '', '2014-05-16', 'female_avatar.png'),
(2549, 'Paul', 'Untersteiner', '15@test.at', 'asdf', 0, '0000-00-00', 0, NULL, NULL, NULL, '', '2014-05-16', 'male_avatar.png'),
(2550, 'Martin', 'Höfinger', '16@test.at', 'asdf', 0, '0000-00-00', 0, NULL, NULL, NULL, '', '2014-05-16', 'male_avatar.png'),
(2551, 'Petra', 'Freinbichler', '17@test.at', 'asdf', 1, '0000-00-00', 0, NULL, NULL, NULL, '', '2014-05-16', 'female_avatar.png'),
(2552, 'Paul', 'Nußbaumer', '18@test.at', 'asdf', 0, '0000-00-00', 0, NULL, NULL, NULL, '', '2014-05-16', 'male_avatar.png'),
(2553, 'Franziska', 'Klappert', '19@test.at', 'asdf', 1, '0000-00-00', 0, NULL, NULL, NULL, '', '2014-05-16', 'female_avatar.png'),
(2554, 'Martin', 'Hintersonnleitner', '20@test.at', 'asdf', 0, '0000-00-00', 0, NULL, NULL, NULL, '', '2014-05-16', 'male_avatar.png'),
(2555, 'Simon', 'Hörbinger', '21@test.at', 'asdf', 0, '0000-00-00', 0, NULL, NULL, NULL, '', '2014-05-16', 'male_avatar.png'),
(2556, 'Lena', 'Berer', '22@test.at', 'asdf', 1, '0000-00-00', 0, NULL, NULL, NULL, '', '2014-05-16', 'female_avatar.png'),
(2557, 'Isabella', 'Armstorfer', '23@test.at', 'asdf', 1, '0000-00-00', 0, NULL, NULL, NULL, '', '2014-05-16', 'female_avatar.png'),
(2558, 'Veronika', 'Steiner', '24@test.at', 'asdf', 1, '0000-00-00', 0, NULL, NULL, NULL, '', '2014-05-16', 'female_avatar.png'),
(2559, 'Paul', 'Haidinger', '25@test.at', 'asdf', 0, '0000-00-00', 0, NULL, NULL, NULL, '', '2014-05-16', 'male_avatar.png'),
(2560, 'Dominik', 'Rest', '26@test.at', 'asdf', 0, '0000-00-00', 0, NULL, NULL, NULL, '', '2014-05-16', 'male_avatar.png'),
(2561, 'Lena', 'Haas', '27@test.at', 'asdf', 1, '0000-00-00', 0, NULL, NULL, NULL, '', '2014-05-16', 'female_avatar.png'),
(2562, 'Lisa', 'Treiber', '28@test.at', 'asdf', 1, '0000-00-00', 0, NULL, NULL, NULL, '', '2014-05-16', 'female_avatar.png'),
(2563, 'Anna', 'Wieser', '29@test.at', 'asdf', 1, '0000-00-00', 0, NULL, NULL, NULL, '', '2014-05-16', 'female_avatar.png'),
(2564, 'Luise', 'Kranewitter', '30@test.at', 'asdf', 1, '0000-00-00', 0, NULL, NULL, NULL, '', '2014-05-16', 'female_avatar.png'),
(2565, 'Heinz', 'Zahn', '31@test.at', 'asdf', 0, '0000-00-00', 0, NULL, NULL, NULL, '', '2014-05-16', 'male_avatar.png'),
(2566, 'Petra', 'Wieser', '32@test.at', 'asdf', 1, '0000-00-00', 0, NULL, NULL, NULL, '', '2014-05-16', 'female_avatar.png'),
(2567, 'Bernhard', 'Schultheis', '33@test.at', 'asdf', 0, '0000-00-00', 0, NULL, NULL, NULL, '', '2014-05-16', 'male_avatar.png'),
(2568, 'Dominik', 'Sommer', '34@test.at', 'asdf', 0, '0000-00-00', 0, NULL, NULL, NULL, '', '2014-05-16', 'male_avatar.png'),
(2569, 'Franz', 'Treiber', '35@test.at', 'asdf', 0, '0000-00-00', 0, NULL, NULL, NULL, '', '2014-05-16', 'male_avatar.png'),
(2570, 'Heinz', 'Haas', '36@test.at', 'asdf', 0, '0000-00-00', 0, NULL, NULL, NULL, '', '2014-05-16', 'male_avatar.png'),
(2571, 'Peter', 'Dengg', '37@test.at', 'asdf', 0, '0000-00-00', 0, NULL, NULL, NULL, '', '2014-05-16', 'male_avatar.png'),
(2572, 'Peter', 'Pöschl', '38@test.at', 'asdf', 0, '0000-00-00', 0, NULL, NULL, NULL, '', '2014-05-16', 'male_avatar.png'),
(2573, 'Lisa', 'Berer', '39@test.at', 'asdf', 1, '0000-00-00', 0, NULL, NULL, NULL, '', '2014-05-16', 'female_avatar.png'),
(2574, 'Simon', 'Haidinger', '40@test.at', 'asdf', 0, '0000-00-00', 0, NULL, NULL, NULL, '', '2014-05-16', 'male_avatar.png'),
(2575, 'Lukas', 'Baku', '41@test.at', 'asdf', 0, '0000-00-00', 0, NULL, NULL, NULL, '', '2014-05-16', 'male_avatar.png'),
(2576, 'Max', 'Antos', '42@test.at', 'asdf', 0, '0000-00-00', 0, NULL, NULL, NULL, '', '2014-05-16', 'male_avatar.png'),
(2577, 'Veronika', 'Leitner', '43@test.at', 'asdf', 1, '0000-00-00', 0, NULL, NULL, NULL, '', '2014-05-16', 'female_avatar.png'),
(2578, 'Lisa', 'Sattler', '44@test.at', 'asdf', 1, '0000-00-00', 0, NULL, NULL, NULL, '', '2014-05-16', 'female_avatar.png'),
(2579, 'Martin', 'Jacimovic', '45@test.at', 'asdf', 0, '0000-00-00', 0, NULL, NULL, NULL, '', '2014-05-16', 'male_avatar.png'),
(2580, 'Petra', 'Höfinger', '46@test.at', 'asdf', 1, '0000-00-00', 0, NULL, NULL, NULL, '', '2014-05-16', 'female_avatar.png'),
(2581, 'Franz', 'Rehrl', '47@test.at', 'asdf', 0, '0000-00-00', 0, NULL, NULL, NULL, '', '2014-05-16', 'male_avatar.png'),
(2582, 'Martha', 'Sögner', '48@test.at', 'asdf', 1, '0000-00-00', 0, NULL, NULL, NULL, '', '2014-05-16', 'female_avatar.png'),
(2583, 'Lisa', 'Kiska', '49@test.at', 'asdf', 1, '0000-00-00', 0, NULL, NULL, NULL, '', '2014-05-16', 'female_avatar.png'),
(2584, 'Franziska', 'Dengg', '50@test.at', 'asdf', 1, '0000-00-00', 0, NULL, NULL, NULL, '', '2014-05-16', 'female_avatar.png'),
(2585, 'Anna', 'Schlager', '51@test.at', 'asdf', 1, '0000-00-00', 0, NULL, NULL, NULL, '', '2014-05-16', 'female_avatar.png'),
(2586, 'Max', 'Huber', '52@test.at', 'asdf', 0, '0000-00-00', 0, NULL, NULL, NULL, '', '2014-05-16', 'male_avatar.png'),
(2587, 'Lisa', 'Wieser', '53@test.at', 'asdf', 1, '0000-00-00', 0, NULL, NULL, NULL, '', '2014-05-16', 'female_avatar.png'),
(2588, 'Luise', 'Höfner', '54@test.at', 'asdf', 1, '0000-00-00', 0, NULL, NULL, NULL, '', '2014-05-16', 'female_avatar.png'),
(2589, 'Martin', 'Zwettler', '55@test.at', 'asdf', 0, '0000-00-00', 0, NULL, NULL, NULL, '', '2014-05-16', 'male_avatar.png'),
(2590, 'Franz', 'Rehrl', '56@test.at', 'asdf', 0, '0000-00-00', 0, NULL, NULL, NULL, '', '2014-05-16', 'male_avatar.png'),
(2591, 'Isabella', 'Pronj', '57@test.at', 'asdf', 1, '0000-00-00', 0, NULL, NULL, NULL, '', '2014-05-16', 'female_avatar.png'),
(2592, 'Martha', 'Schlager', '58@test.at', 'asdf', 1, '0000-00-00', 0, NULL, NULL, NULL, '', '2014-05-16', 'female_avatar.png'),
(2593, 'Bernhard', 'Maier', '59@test.at', 'asdf', 0, '0000-00-00', 0, NULL, NULL, NULL, '', '2014-05-16', 'male_avatar.png'),
(2594, 'Heinz', 'Klappert', '60@test.at', 'asdf', 0, '0000-00-00', 0, NULL, NULL, NULL, '', '2014-05-16', 'male_avatar.png'),
(2595, 'Simon', 'Antos', '61@test.at', 'asdf', 0, '0000-00-00', 0, NULL, NULL, NULL, '', '2014-05-16', 'male_avatar.png'),
(2596, 'Petra', 'Mühlleitner', '62@test.at', 'asdf', 1, '0000-00-00', 0, NULL, NULL, NULL, '', '2014-05-16', 'female_avatar.png'),
(2597, 'Lukas', 'Berer', '63@test.at', 'asdf', 0, '0000-00-00', 0, NULL, NULL, NULL, '', '2014-05-16', 'male_avatar.png'),
(2598, 'Max', 'Hoffmann', '64@test.at', 'asdf', 0, '0000-00-00', 0, NULL, NULL, NULL, '', '2014-05-16', 'male_avatar.png'),
(2599, 'Franz', 'Müller', '65@test.at', 'asdf', 0, '0000-00-00', 0, NULL, NULL, NULL, '', '2014-05-16', 'male_avatar.png'),
(2600, 'Franziska', 'Freinbichler', '66@test.at', 'asdf', 1, '0000-00-00', 0, NULL, NULL, NULL, '', '2014-05-16', 'female_avatar.png'),
(2601, 'Anna', 'Kiska', '67@test.at', 'asdf', 1, '0000-00-00', 0, NULL, NULL, NULL, '', '2014-05-16', 'female_avatar.png'),
(2602, 'Franz', 'Freinbichler', '68@test.at', 'asdf', 0, '0000-00-00', 0, NULL, NULL, NULL, '', '2014-05-16', 'male_avatar.png'),
(2603, 'Peter', 'Zahn', '69@test.at', 'asdf', 0, '0000-00-00', 0, NULL, NULL, NULL, '', '2014-05-16', 'male_avatar.png'),
(2604, 'Veronika', 'Müller', '70@test.at', 'asdf', 1, '0000-00-00', 0, NULL, NULL, NULL, '', '2014-05-16', 'female_avatar.png'),
(2605, 'Max', 'Schmidt', '71@test.at', 'asdf', 0, '0000-00-00', 0, NULL, NULL, NULL, '', '2014-05-16', 'male_avatar.png'),
(2606, 'Anna', 'Antos', '72@test.at', 'asdf', 1, '0000-00-00', 0, NULL, NULL, NULL, '', '2014-05-16', 'female_avatar.png'),
(2607, 'Luise', 'Klappert', '73@test.at', 'asdf', 1, '0000-00-00', 0, NULL, NULL, NULL, '', '2014-05-16', 'female_avatar.png'),
(2608, 'Lisa', 'Leitner', '74@test.at', 'asdf', 1, '0000-00-00', 0, NULL, NULL, NULL, '', '2014-05-16', 'female_avatar.png'),
(2609, 'Franz', 'Haas', '75@test.at', 'asdf', 0, '0000-00-00', 0, NULL, NULL, NULL, '', '2014-05-16', 'male_avatar.png'),
(2610, 'Martha', 'Höfner', '76@test.at', 'asdf', 1, '0000-00-00', 0, NULL, NULL, NULL, '', '2014-05-16', 'female_avatar.png'),
(2611, 'Anna', 'Schultheis', '77@test.at', 'asdf', 1, '0000-00-00', 0, NULL, NULL, NULL, '', '2014-05-16', 'female_avatar.png'),
(2612, 'Luise', 'Haas', '78@test.at', 'asdf', 1, '0000-00-00', 0, NULL, NULL, NULL, '', '2014-05-16', 'female_avatar.png'),
(2613, 'Martha', 'Dengg', '79@test.at', 'asdf', 1, '0000-00-00', 0, NULL, NULL, NULL, '', '2014-05-16', 'female_avatar.png'),
(2614, 'Petra', 'Baku', '80@test.at', 'asdf', 1, '0000-00-00', 0, NULL, NULL, NULL, '', '2014-05-16', 'female_avatar.png'),
(2615, 'Max', 'Hoffmann', '81@test.at', 'asdf', 0, '0000-00-00', 0, NULL, NULL, NULL, '', '2014-05-16', 'male_avatar.png'),
(2616, 'Sophie', 'Maier', '82@test.at', 'asdf', 1, '0000-00-00', 0, NULL, NULL, NULL, '', '2014-05-16', 'female_avatar.png'),
(2617, 'Veronika', 'Poschacher', '83@test.at', 'asdf', 1, '0000-00-00', 0, NULL, NULL, NULL, '', '2014-05-16', 'female_avatar.png'),
(2618, 'Martin', 'Jacimovic', '84@test.at', 'asdf', 0, '0000-00-00', 0, NULL, NULL, NULL, '', '2014-05-16', 'male_avatar.png'),
(2619, 'Paul', 'Steiner', '85@test.at', 'asdf', 0, '0000-00-00', 0, NULL, NULL, NULL, '', '2014-05-16', 'male_avatar.png'),
(2620, 'Lena', 'Armstorfer', '86@test.at', 'asdf', 1, '0000-00-00', 0, NULL, NULL, NULL, '', '2014-05-16', 'female_avatar.png'),
(2621, 'Martin', 'Armstorfer', '87@test.at', 'asdf', 0, '0000-00-00', 0, NULL, NULL, NULL, '', '2014-05-16', 'male_avatar.png'),
(2622, 'Paul', 'Freinbichler', '88@test.at', 'asdf', 0, '0000-00-00', 0, NULL, NULL, NULL, '', '2014-05-16', 'male_avatar.png'),
(2623, 'Simon', 'Haider', '89@test.at', 'asdf', 0, '0000-00-00', 0, NULL, NULL, NULL, '', '2014-05-16', 'male_avatar.png'),
(2624, 'Veronika', 'Pföss', '90@test.at', 'asdf', 1, '0000-00-00', 0, NULL, NULL, NULL, '', '2014-05-16', 'female_avatar.png'),
(2625, 'Lukas', 'Sögner', '91@test.at', 'asdf', 0, '0000-00-00', 0, NULL, NULL, NULL, '', '2014-05-16', 'male_avatar.png'),
(2626, 'Bernhard', 'Antos', '92@test.at', 'asdf', 0, '0000-00-00', 0, NULL, NULL, NULL, '', '2014-05-16', 'male_avatar.png'),
(2627, 'Peter', 'Maier', '93@test.at', 'asdf', 0, '0000-00-00', 0, NULL, NULL, NULL, '', '2014-05-16', 'male_avatar.png'),
(2628, 'Paul', 'Grübl', '94@test.at', 'asdf', 0, '0000-00-00', 0, NULL, NULL, NULL, '', '2014-05-16', 'male_avatar.png'),
(2629, 'Franz', 'Nußbaumer', '95@test.at', 'asdf', 0, '0000-00-00', 0, NULL, NULL, NULL, '', '2014-05-16', 'male_avatar.png'),
(2630, 'Peter', 'Pföss', '96@test.at', 'asdf', 0, '0000-00-00', 0, NULL, NULL, NULL, '', '2014-05-16', 'male_avatar.png'),
(2631, 'Isabella', 'Armstorfer', '97@test.at', 'asdf', 1, '0000-00-00', 0, NULL, NULL, NULL, '', '2014-05-16', 'female_avatar.png'),
(2632, 'Franziska', 'Niedermüller', '98@test.at', 'asdf', 1, '0000-00-00', 0, NULL, NULL, NULL, '', '2014-05-16', 'female_avatar.png'),
(2633, 'Paul', 'Grübl', '99@test.at', 'asdf', 0, '0000-00-00', 0, NULL, NULL, NULL, '', '2014-05-16', 'male_avatar.png'),
(2634, 'Paul', 'Poschacher', '100@test.at', 'asdf', 0, '0000-00-00', 0, NULL, NULL, NULL, '', '2014-05-16', 'male_avatar.png'),
(2635, 'Martha', 'Sommer', '101@test.at', 'asdf', 1, '0000-00-00', 0, NULL, NULL, NULL, '', '2014-05-16', 'female_avatar.png'),
(2636, 'Lukas', 'Niedermüller', '102@test.at', 'asdf', 0, '0000-00-00', 0, NULL, NULL, NULL, '', '2014-05-16', 'male_avatar.png'),
(2637, 'Dominik', 'Baku', '103@test.at', 'asdf', 0, '0000-00-00', 0, NULL, NULL, NULL, '', '2014-05-16', 'male_avatar.png'),
(2638, 'Lisa', 'Dengg', '104@test.at', 'asdf', 1, '0000-00-00', 0, NULL, NULL, NULL, '', '2014-05-16', 'female_avatar.png'),
(2639, 'Lisa', 'Treiber', '105@test.at', 'asdf', 1, '0000-00-00', 0, NULL, NULL, NULL, '', '2014-05-16', 'female_avatar.png'),
(2640, 'Sophie', 'Sattler', '106@test.at', 'asdf', 1, '0000-00-00', 0, NULL, NULL, NULL, '', '2014-05-16', 'female_avatar.png'),
(2641, 'Anna', 'Strasser', '107@test.at', 'asdf', 1, '0000-00-00', 0, NULL, NULL, NULL, '', '2014-05-16', 'female_avatar.png'),
(2642, 'Lukas', 'Walch', '108@test.at', 'asdf', 0, '0000-00-00', 0, NULL, NULL, NULL, '', '2014-05-16', 'male_avatar.png'),
(2643, 'Martin', 'Haidinger', '109@test.at', 'asdf', 0, '0000-00-00', 0, NULL, NULL, NULL, '', '2014-05-16', 'male_avatar.png'),
(2644, 'Max', 'Höfinger', '110@test.at', 'asdf', 0, '0000-00-00', 0, NULL, NULL, NULL, '', '2014-05-16', 'male_avatar.png'),
(2645, 'Sophie', 'Maier', '111@test.at', 'asdf', 1, '0000-00-00', 0, NULL, NULL, NULL, '', '2014-05-16', 'female_avatar.png'),
(2646, 'Lukas', 'Treiber', '112@test.at', 'asdf', 0, '0000-00-00', 0, NULL, NULL, NULL, '', '2014-05-16', 'male_avatar.png'),
(2647, 'Franziska', 'Zwettler', '113@test.at', 'asdf', 1, '0000-00-00', 0, NULL, NULL, NULL, '', '2014-05-16', 'female_avatar.png'),
(2648, 'Isabella', 'Kiska', '114@test.at', 'asdf', 1, '0000-00-00', 0, NULL, NULL, NULL, '', '2014-05-16', 'female_avatar.png'),
(2649, 'Paul', 'Haas', '115@test.at', 'asdf', 0, '0000-00-00', 0, NULL, NULL, NULL, '', '2014-05-16', 'male_avatar.png'),
(2650, 'Petra', 'Zahn', '116@test.at', 'asdf', 1, '0000-00-00', 0, NULL, NULL, NULL, '', '2014-05-16', 'female_avatar.png'),
(2651, 'Anna', 'Poschacher', '117@test.at', 'asdf', 1, '0000-00-00', 0, NULL, NULL, NULL, '', '2014-05-16', 'female_avatar.png'),
(2652, 'Isabella', 'Hörbinger', '118@test.at', 'asdf', 1, '0000-00-00', 0, NULL, NULL, NULL, '', '2014-05-16', 'female_avatar.png'),
(2653, 'Heinz', 'Maier', '119@test.at', 'asdf', 0, '0000-00-00', 0, NULL, NULL, NULL, '', '2014-05-16', 'male_avatar.png'),
(2654, 'Anna', 'Jacimovic', '120@test.at', 'asdf', 1, '0000-00-00', 0, NULL, NULL, NULL, '', '2014-05-16', 'female_avatar.png'),
(2655, 'Lena', 'Steger', '121@test.at', 'asdf', 1, '0000-00-00', 0, NULL, NULL, NULL, '', '2014-05-16', 'female_avatar.png'),
(2656, 'Heinz', 'Sturm', '122@test.at', 'asdf', 0, '0000-00-00', 0, NULL, NULL, NULL, '', '2014-05-16', 'male_avatar.png'),
(2657, 'Franz', 'Maier', '123@test.at', 'asdf', 0, '0000-00-00', 0, NULL, NULL, NULL, '', '2014-05-16', 'male_avatar.png'),
(2658, 'Sophie', 'Freinbichler', '124@test.at', 'asdf', 1, '0000-00-00', 0, NULL, NULL, NULL, '', '2014-05-16', 'female_avatar.png'),
(2659, 'Franz', 'Kiska', '125@test.at', 'asdf', 0, '0000-00-00', 0, NULL, NULL, NULL, '', '2014-05-16', 'male_avatar.png'),
(2660, 'Franz', 'Sommer', '126@test.at', 'asdf', 0, '0000-00-00', 0, NULL, NULL, NULL, '', '2014-05-16', 'male_avatar.png'),
(2661, 'Paul', 'Klappert', '127@test.at', 'asdf', 0, '0000-00-00', 0, NULL, NULL, NULL, '', '2014-05-16', 'male_avatar.png'),
(2662, 'Lena', 'Berer', '128@test.at', 'asdf', 1, '0000-00-00', 0, NULL, NULL, NULL, '', '2014-05-16', 'female_avatar.png'),
(2663, 'Max', 'Rest', '129@test.at', 'asdf', 0, '0000-00-00', 0, NULL, NULL, NULL, '', '2014-05-16', 'male_avatar.png'),
(2664, 'Isabella', 'Zwettler', '130@test.at', 'asdf', 1, '0000-00-00', 0, NULL, NULL, NULL, '', '2014-05-16', 'female_avatar.png'),
(2665, 'Anna', 'Armstorfer', '131@test.at', 'asdf', 1, '0000-00-00', 0, NULL, NULL, NULL, '', '2014-05-16', 'female_avatar.png'),
(2666, 'Martin', 'Schlager', '132@test.at', 'asdf', 0, '0000-00-00', 0, NULL, NULL, NULL, '', '2014-05-16', 'male_avatar.png'),
(2667, 'Lena', 'Nußbaumer', '133@test.at', 'asdf', 1, '0000-00-00', 0, NULL, NULL, NULL, '', '2014-05-16', 'female_avatar.png'),
(2668, 'Lena', 'Rehrl', '134@test.at', 'asdf', 1, '0000-00-00', 0, NULL, NULL, NULL, '', '2014-05-16', 'female_avatar.png'),
(2669, 'Petra', 'Schlager', '135@test.at', 'asdf', 1, '0000-00-00', 0, NULL, NULL, NULL, '', '2014-05-16', 'female_avatar.png'),
(2670, 'Paul', 'Leitner', '136@test.at', 'asdf', 0, '0000-00-00', 0, NULL, NULL, NULL, '', '2014-05-16', 'male_avatar.png'),
(2671, 'Sophie', 'Pronj', '137@test.at', 'asdf', 1, '0000-00-00', 0, NULL, NULL, NULL, '', '2014-05-16', 'female_avatar.png'),
(2672, 'Dominik', 'Berer', '138@test.at', 'asdf', 0, '0000-00-00', 0, NULL, NULL, NULL, '', '2014-05-16', 'male_avatar.png'),
(2673, 'Max', 'Armstorfer', '139@test.at', 'asdf', 0, '0000-00-00', 0, NULL, NULL, NULL, '', '2014-05-16', 'male_avatar.png'),
(2674, 'Luise', 'Berer', '140@test.at', 'asdf', 1, '0000-00-00', 0, NULL, NULL, NULL, '', '2014-05-16', 'female_avatar.png'),
(2675, 'Lena', 'Schultheis', '141@test.at', 'asdf', 1, '0000-00-00', 0, NULL, NULL, NULL, '', '2014-05-16', 'female_avatar.png'),
(2676, 'Peter', 'Poschacher', '142@test.at', 'asdf', 0, '0000-00-00', 0, NULL, NULL, NULL, '', '2014-05-16', 'male_avatar.png'),
(2677, 'Isabella', 'Zahn', '143@test.at', 'asdf', 1, '0000-00-00', 0, NULL, NULL, NULL, '', '2014-05-16', 'female_avatar.png'),
(2678, 'Simon', 'Steger', '144@test.at', 'asdf', 0, '0000-00-00', 0, NULL, NULL, NULL, '', '2014-05-16', 'male_avatar.png'),
(2679, 'Martin', 'Klappert', '145@test.at', 'asdf', 0, '0000-00-00', 0, NULL, NULL, NULL, '', '2014-05-16', 'male_avatar.png'),
(2680, 'Franziska', 'Nußbaumer', '146@test.at', 'asdf', 1, '0000-00-00', 0, NULL, NULL, NULL, '', '2014-05-16', 'female_avatar.png'),
(2681, 'Martin', 'Schultheis', '147@test.at', 'asdf', 0, '0000-00-00', 0, NULL, NULL, NULL, '', '2014-05-16', 'male_avatar.png'),
(2682, 'Lena', 'Sturm', '148@test.at', 'asdf', 1, '0000-00-00', 0, NULL, NULL, NULL, '', '2014-05-16', 'female_avatar.png'),
(2683, 'Luise', 'Steger', '149@test.at', 'asdf', 1, '0000-00-00', 0, NULL, NULL, NULL, '', '2014-05-16', 'female_avatar.png'),
(2684, 'Paul', 'Baku', '150@test.at', 'asdf', 0, '0000-00-00', 0, NULL, NULL, NULL, '', '2014-05-16', 'male_avatar.png'),
(2685, 'Heinz', 'Walch', '151@test.at', 'asdf', 0, '0000-00-00', 0, NULL, NULL, NULL, '', '2014-05-16', 'male_avatar.png'),
(2686, 'Paul', 'Pöschl', '152@test.at', 'asdf', 0, '0000-00-00', 0, NULL, NULL, NULL, '', '2014-05-16', 'male_avatar.png'),
(2687, 'Peter', 'Pöschl', '153@test.at', 'asdf', 0, '0000-00-00', 0, NULL, NULL, NULL, '', '2014-05-16', 'male_avatar.png'),
(2688, 'Franz', 'Hintersonnleitner', '154@test.at', 'asdf', 0, '0000-00-00', 0, NULL, NULL, NULL, '', '2014-05-16', 'male_avatar.png'),
(2689, 'Veronika', 'Rehrl', '155@test.at', 'asdf', 1, '0000-00-00', 0, NULL, NULL, NULL, '', '2014-05-16', 'female_avatar.png'),
(2690, 'Anna', 'Sögner', '156@test.at', 'asdf', 1, '0000-00-00', 0, NULL, NULL, NULL, '', '2014-05-16', 'female_avatar.png'),
(2691, 'Lena', 'Jacimovic', '157@test.at', 'asdf', 1, '0000-00-00', 0, NULL, NULL, NULL, '', '2014-05-16', 'female_avatar.png'),
(2692, 'Peter', 'Nußbaumer', '158@test.at', 'asdf', 0, '0000-00-00', 0, NULL, NULL, NULL, '', '2014-05-16', 'male_avatar.png'),
(2693, 'Sophie', 'Freinbichler', '159@test.at', 'asdf', 1, '0000-00-00', 0, NULL, NULL, NULL, '', '2014-05-16', 'female_avatar.png'),
(2694, 'Petra', 'Berer', '160@test.at', 'asdf', 1, '0000-00-00', 0, NULL, NULL, NULL, '', '2014-05-16', 'female_avatar.png'),
(2695, 'Sophie', 'Nußbaumer', '161@test.at', 'asdf', 1, '0000-00-00', 0, NULL, NULL, NULL, '', '2014-05-16', 'female_avatar.png'),
(2696, 'Martha', 'Schlager', '162@test.at', 'asdf', 1, '0000-00-00', 0, NULL, NULL, NULL, '', '2014-05-16', 'female_avatar.png'),
(2697, 'Martha', 'Pronj', '163@test.at', 'asdf', 1, '0000-00-00', 0, NULL, NULL, NULL, '', '2014-05-16', 'female_avatar.png'),
(2698, 'Heinz', 'Schlager', '164@test.at', 'asdf', 0, '0000-00-00', 0, NULL, NULL, NULL, '', '2014-05-16', 'male_avatar.png'),
(2699, 'Peter', 'Poschacher', '165@test.at', 'asdf', 0, '0000-00-00', 0, NULL, NULL, NULL, '', '2014-05-16', 'male_avatar.png'),
(2700, 'Lena', 'Steger', '166@test.at', 'asdf', 1, '0000-00-00', 0, NULL, NULL, NULL, '', '2014-05-16', 'female_avatar.png'),
(2701, 'Franz', 'Baku', '167@test.at', 'asdf', 0, '0000-00-00', 0, NULL, NULL, NULL, '', '2014-05-16', 'male_avatar.png'),
(2702, 'Sophie', 'Pronj', '168@test.at', 'asdf', 1, '0000-00-00', 0, NULL, NULL, NULL, '', '2014-05-16', 'female_avatar.png'),
(2703, 'Bernhard', 'Maier', '169@test.at', 'asdf', 0, '0000-00-00', 0, NULL, NULL, NULL, '', '2014-05-16', 'male_avatar.png'),
(2704, 'Veronika', 'Schmidt', '170@test.at', 'asdf', 1, '0000-00-00', 0, NULL, NULL, NULL, '', '2014-05-16', 'female_avatar.png'),
(2705, 'Paul', 'Steger', '171@test.at', 'asdf', 0, '0000-00-00', 0, NULL, NULL, NULL, '', '2014-05-16', 'male_avatar.png'),
(2706, 'Lukas', 'Sattler', '172@test.at', 'asdf', 0, '0000-00-00', 0, NULL, NULL, NULL, '', '2014-05-16', 'male_avatar.png'),
(2707, 'Isabella', 'Haas', '173@test.at', 'asdf', 1, '0000-00-00', 0, NULL, NULL, NULL, '', '2014-05-16', 'female_avatar.png'),
(2708, 'Sophie', 'Treiber', '174@test.at', 'asdf', 1, '0000-00-00', 0, NULL, NULL, NULL, '', '2014-05-16', 'female_avatar.png'),
(2709, 'Isabella', 'Rest', '175@test.at', 'asdf', 1, '0000-00-00', 0, NULL, NULL, NULL, '', '2014-05-16', 'female_avatar.png'),
(2710, 'Max', 'Kiska', '176@test.at', 'asdf', 0, '0000-00-00', 0, NULL, NULL, NULL, '', '2014-05-16', 'male_avatar.png'),
(2711, 'Luise', 'Pföss', '177@test.at', 'asdf', 1, '0000-00-00', 0, NULL, NULL, NULL, '', '2014-05-16', 'female_avatar.png'),
(2712, 'Martha', 'Höfner', '178@test.at', 'asdf', 1, '0000-00-00', 0, NULL, NULL, NULL, '', '2014-05-16', 'female_avatar.png'),
(2713, 'Isabella', 'Hoffmann', '179@test.at', 'asdf', 1, '0000-00-00', 0, NULL, NULL, NULL, '', '2014-05-16', 'female_avatar.png'),
(2714, 'Martin', 'Strasser', '180@test.at', 'asdf', 0, '0000-00-00', 0, NULL, NULL, NULL, '', '2014-05-16', 'male_avatar.png'),
(2715, 'Max', 'Höfner', '181@test.at', 'asdf', 0, '0000-00-00', 0, NULL, NULL, NULL, '', '2014-05-16', 'male_avatar.png'),
(2716, 'Petra', 'Schultheis', '182@test.at', 'asdf', 1, '0000-00-00', 0, NULL, NULL, NULL, '', '2014-05-16', 'female_avatar.png'),
(2717, 'Franz', 'Hintersonnleitner', '183@test.at', 'asdf', 0, '0000-00-00', 0, NULL, NULL, NULL, '', '2014-05-16', 'male_avatar.png'),
(2718, 'Isabella', 'Maier', '184@test.at', 'asdf', 1, '0000-00-00', 0, NULL, NULL, NULL, '', '2014-05-16', 'female_avatar.png'),
(2719, 'Martha', 'Haider', '185@test.at', 'asdf', 1, '0000-00-00', 0, NULL, NULL, NULL, '', '2014-05-16', 'female_avatar.png'),
(2720, 'Isabella', 'Wieser', '186@test.at', 'asdf', 1, '0000-00-00', 0, NULL, NULL, NULL, '', '2014-05-16', 'female_avatar.png'),
(2721, 'Max', 'Jacimovic', '187@test.at', 'asdf', 0, '0000-00-00', 0, NULL, NULL, NULL, '', '2014-05-16', 'male_avatar.png'),
(2722, 'Isabella', 'Sturm', '188@test.at', 'asdf', 1, '0000-00-00', 0, NULL, NULL, NULL, '', '2014-05-16', 'female_avatar.png'),
(2723, 'Sophie', 'Rehrl', '189@test.at', 'asdf', 1, '0000-00-00', 0, NULL, NULL, NULL, '', '2014-05-16', 'female_avatar.png'),
(2724, 'Franziska', 'Höfinger', '190@test.at', 'asdf', 1, '0000-00-00', 0, NULL, NULL, NULL, '', '2014-05-16', 'female_avatar.png'),
(2725, 'Max', 'Schlager', '191@test.at', 'asdf', 0, '0000-00-00', 0, NULL, NULL, NULL, '', '2014-05-16', 'male_avatar.png'),
(2726, 'Simon', 'Schlager', '192@test.at', 'asdf', 0, '0000-00-00', 0, NULL, NULL, NULL, '', '2014-05-16', 'male_avatar.png'),
(2727, 'Veronika', 'Mühlleitner', '193@test.at', 'asdf', 1, '0000-00-00', 0, NULL, NULL, NULL, '', '2014-05-16', 'female_avatar.png'),
(2728, 'Simon', 'Pronj', '194@test.at', 'asdf', 0, '0000-00-00', 0, NULL, NULL, NULL, '', '2014-05-16', 'male_avatar.png'),
(2729, 'Paul', 'Leitner', '195@test.at', 'asdf', 0, '0000-00-00', 0, NULL, NULL, NULL, '', '2014-05-16', 'male_avatar.png'),
(2730, 'Bernhard', 'Untersteiner', '196@test.at', 'asdf', 0, '0000-00-00', 0, NULL, NULL, NULL, '', '2014-05-16', 'male_avatar.png'),
(2731, 'Veronika', 'Hintersonnleitner', '197@test.at', 'asdf', 1, '0000-00-00', 0, NULL, NULL, NULL, '', '2014-05-16', 'female_avatar.png'),
(2732, 'Isabella', 'Rest', '198@test.at', 'asdf', 1, '0000-00-00', 0, NULL, NULL, NULL, '', '2014-05-16', 'female_avatar.png'),
(2733, 'Bernhard', 'Freinbichler', '199@test.at', 'asdf', 0, '0000-00-00', 0, NULL, NULL, NULL, '', '2014-05-16', 'male_avatar.png'),
(2734, 'Franz', 'Zwettler', '200@test.at', 'asdf', 0, '0000-00-00', 0, NULL, NULL, NULL, '', '2014-05-16', 'male_avatar.png');

--
-- Constraints der exportierten Tabellen
--

--
-- Constraints der Tabelle `course`
--
ALTER TABLE `course`
  ADD CONSTRAINT `course_ibfk_1` FOREIGN KEY (`category`) REFERENCES `category` (`id`);

--
-- Constraints der Tabelle `offer`
--
ALTER TABLE `offer`
  ADD CONSTRAINT `offer_ibfk_1` FOREIGN KEY (`course`) REFERENCES `course` (`id`) ON DELETE CASCADE,
  ADD CONSTRAINT `offer_ibfk_2` FOREIGN KEY (`teacher`) REFERENCES `user` (`id`) ON DELETE CASCADE;

--
-- Constraints der Tabelle `partner`
--
ALTER TABLE `partner`
  ADD CONSTRAINT `partner_ibfk_1` FOREIGN KEY (`personA`) REFERENCES `user` (`id`),
  ADD CONSTRAINT `partner_ibfk_2` FOREIGN KEY (`personB`) REFERENCES `user` (`id`);

--
-- Constraints der Tabelle `search`
--
ALTER TABLE `search`
  ADD CONSTRAINT `search_ibfk_1` FOREIGN KEY (`course`) REFERENCES `course` (`id`) ON DELETE CASCADE,
  ADD CONSTRAINT `search_ibfk_2` FOREIGN KEY (`student`) REFERENCES `user` (`id`) ON DELETE CASCADE;

/*!40101 SET CHARACTER_SET_CLIENT=@OLD_CHARACTER_SET_CLIENT */;
/*!40101 SET CHARACTER_SET_RESULTS=@OLD_CHARACTER_SET_RESULTS */;
/*!40101 SET COLLATION_CONNECTION=@OLD_COLLATION_CONNECTION */;
